clade	lineage
19A	B
19A	B.10
19A	B.11
19A	B.1.14
19A	B.12
19A	B.13
19A	B.15
19A	B.18
19A	B.19
19A	B.20
19A	B.23
19A	B.26
19A	B.27
19A	B.28
19A	B.29
19A	B.3
19A	B.30
19A	B.3.1
19A	B.31
19A	B.32
19A	B.33
19A	B.34
19A	B.35
19A	B.36
19A	B.37
19A	B.38
19A	B.39
19A	B.4
19A	B.40
19A	B.4.1
19A	B.41
19A	B.42
19A	B.43
19A	B.4.4
19A	B.4.5
19A	B.45
19A	B.4.6
19A	B.46
19A	B.4.7
19A	B.47
19A	B.4.8
19A	B.5
19A	B.51
19A	B.52
19A	B.53
19A	B.55
19A	B.57
19A	B.58
19A	B.6
19A	B.60
19A	B.6.1
19A	B.61
19A	B.6.3
19A	B.6.6
19A	B.6.8
19B	A
19B	A.1
19B	A.11
19B	A.12
19B	A.18
19B	A.19
19B	A.2
19B	A.21
19B	A.2.2
19B	A.2.3
19B	A.23
19B	A.23.1
19B	A.2.4
19B	A.24
19B	A.2.5
19B	A.25
19B	A.2.5.1
19B	A.2.5.2
19B	A.2.5.3
19B	A.26
19B	A.27
19B	A.28
19B	A.29
19B	A.3
19B	A.30
19B	A.4
19B	A.5
19B	A.6
19B	A.7
20A	AU.2
20A	B.1
20A	B.1.103
20A	B.1.104
20A	B.1.105
20A	B.1.106
20A	B.1.110
20A	B.1.110.1
20A	B.1.110.2
20A	B.1.110.3
20A	B.1.111
20A	B.1.112
20A	B.1.113
20A	B.1.124
20A	B.1.126
20A	B.1.127
20A	B.1.128
20A	B.1.13
20A	B.1.131
20A	B.1.134
20A	B.1.137
20A	B.1.139
20A	B.1.142
20A	B.1.143
20A	B.1.1.445
20A	B.1.145
20A	B.1.146
20A	B.1.147
20A	B.1.151
20A	B.1.153
20A	B.1.157
20A	B.1.159
20A	B.1.160
20A	B.1.160.10
20A	B.1.160.11
20A	B.1.160.12
20A	B.1.160.13
20A	B.1.160.14
20A	B.1.160.14_18580
20A	B.1.160.15
20A	B.1.160.16
20A	B.1.160.16_13923
20A	B.1.160.17
20A	B.1.160.19
20A	B.1.160.20
20A	B.1.160.22
20A	B.1.160.23
20A	B.1.160.25
20A	B.1.160.26
20A	B.1.160.28
20A	B.1.160.29
20A	B.1.160.30
20A	B.1.160.31
20A	B.1.160.32
20A	B.1.160.33
20A	B.1.160.7
20A	B.1.160.8
20A	B.1.160.9
20A	B.1.161
20A	B.1.162
20A	B.1.163
20A	B.1.164
20A	B.1.170
20A	B.1.177.31
20A	B.1.178
20A	B.1.179
20A	B.1.180
20A	B.1.181
20A	B.1.182
20A	B.1.184
20A	B.1.187
20A	B.1.188
20A	B.1.189
20A	B.1.190
20A	B.1.194
20A	B.1.195
20A	B.1.198
20A	B.1.199
20A	B.1.201
20A	B.1.203
20A	B.1.205
20A	B.1.206
20A	B.1.208
20A	B.1.210
20A	B.1.211
20A	B.1.213
20A	B.1.214
20A	B.1.214.3
20A	B.1.215
20A	B.1.218
20A	B.1.219
20A	B.1.22
20A	B.1.220
20A	B.1.221
20A	B.1.221.1
20A	B.1.221.2
20A	B.1.221.3
20A	B.1.221.4
20A	B.1.222
20A	B.1.223
20A	B.1.225
20A	B.1.227
20A	B.1.229
20A	B.1.23
20A	B.1.231
20A	B.1.232
20A	B.1.233
20A	B.1.234
20A	B.1.235
20A	B.1.236
20A	B.1.237
20A	B.1.238
20A	B.1.239
20A	B.1.240
20A	B.1.240.2
20A	B.1.241
20A	B.1.243
20A	B.1.243.1
20A	B.1.243.2
20A	B.1.245
20A	B.1.248
20A	B.1.249
20A	B.1.250
20A	B.1.251
20A	B.1.252
20A	B.1.254
20A	B.1.256
20A	B.1.258
20A	B.1.258.10
20A	B.1.258.11
20A	B.1.258.12
20A	B.1.258.14
20A	B.1.258.15
20A	B.1.258.17
20A	B.1.258.2
20A	B.1.258.20
20A	B.1.258.22
20A	B.1.258.23
20A	B.1.258.3
20A	B.1.258.4
20A	B.1.258.5
20A	B.1.258.6
20A	B.1.258.7
20A	B.1.258.9
20A	B.1.273
20A	B.1.274
20A	B.1.276
20A	B.1.277
20A	B.1.279
20A	B.1.280
20A	B.1.281
20A	B.1.282
20A	B.1.35
20A	B.1.36
20A	B.1.36.1
20A	B.1.36.10
20A	B.1.36.12
20A	B.1.36.16
20A	B.1.36.17
20A	B.1.36.18
20A	B.1.36.19
20A	B.1.36.2
20A	B.1.36.20
20A	B.1.36.21
20A	B.1.36.22
20A	B.1.36.23
20A	B.1.36.24
20A	B.1.36.26
20A	B.1.36.27
20A	B.1.36.28
20A	B.1.36.29
20A	B.1.36.31
20A	B.1.36.34
20A	B.1.36.35
20A	B.1.36.38
20A	B.1.36.39
20A	B.1.36.7
20A	B.1.36.8
20A	B.1.36.9
20A	B.1.37
20A	B.1.377
20A	B.1.378
20A	B.1.379
20A	B.1.381
20A	B.1.382
20A	B.1.383
20A	B.1.384
20A	B.1.385
20A	B.1.389
20A	B.1.390
20A	B.1.391
20A	B.1.393
20A	B.1.395
20A	B.1.396
20A	B.1.397
20A	B.1.398
20A	B.1.399
20A	B.1.400
20A	B.1.400.1
20A	B.1.401
20A	B.1.402
20A	B.1.403
20A	B.1.404
20A	B.1.405
20A	B.1.407
20A	B.1.408
20A	B.1.409
20A	B.1.415
20A	B.1.415.1
20A	B.1.416
20A	B.1.416.1
20A	B.1.418
20A	B.1.420
20A	B.1.421
20A	B.1.436
20A	B.1.438
20A	B.1.438.1
20A	B.1.438.3
20A	B.1.438.4
20A	B.1.439
20A	B.1.441
20A	B.1.442
20A	B.1.443
20A	B.1.456
20A	B.1.459
20A	B.1.460
20A	B.1.462
20A	B.1.463
20A	B.1.465
20A	B.1.466
20A	B.1.466.1
20A	B.1.466.2
20A	B.1.467
20A	B.1.468
20A	B.1.469
20A	B.1.470
20A	B.1.471
20A	B.1.473
20A	B.1.474
20A	B.1.476
20A	B.1.478
20A	B.1.479
20A	B.1.480
20A	B.1.482
20A	B.1.483
20A	B.1.523
20A	B.1.524
20A	B.1.528
20A	B.1.530
20A	B.1.535
20A	B.1.539
20A	B.1.540
20A	B.1.543
20A	B.1.544
20A	B.1.545
20A	B.1.546
20A	B.1.547
20A	B.1.549
20A	B.1.550
20A	B.1.551
20A	B.1.552
20A	B.1.554
20A	B.1.555
20A	B.1.556
20A	B.1.557
20A	B.1.558
20A	B.1.559
20A	B.1.561
20A	B.1.562
20A	B.1.563
20A	B.1.565
20A	B.1.596
20A	B.1.6
20A	B.1.600
20A	B.1.602
20A	B.1.609
20A	B.1.610
20A	B.1.617
20A	B.1.617.3
20A	B.1.618
20A	B.1.619
20A	B.1.619.1
20A	B.1.620
20A	B.1.625
20A	B.1.627
20A	B.1.629
20A	B.1.631
20A	B.1.632
20A	B.1.633
20A	B.1.634
20A	B.1.635
20A	B.1.636
20A	B.1.639
20A	B.1.640
20A	B.1.640.1
20A	B.1.640.2
20A	B.1.67
20A	B.1.69
20A	B.1.70
20A	B.1.76
20A	B.1.77
20A	B.1.78
20A	B.1.8
20A	B.1.81
20A	B.1.9
20A	B.1.9.1
20A	B.1.91
20A	B.1.9.2
20A	B.1.93
20A	B.1.9.4
20A	B.1.94
20A	B.1.9.5
20A	B.1.96
20A	B.1.97
20A	G.1
20A	XB
20B	AC.1
20B	AD.1
20B	AD.2
20B	AE.1
20B	AE.2
20B	AE.4
20B	AE.5
20B	AE.6
20B	AE.7
20B	AE.8
20B	AF.1
20B	AG.1
20B	AH.1
20B	AH.2
20B	AH.3
20B	AJ.1
20B	AK.1
20B	AK.2
20B	AM.1
20B	AM.2
20B	AM.3
20B	AN.1
20B	AP.1
20B	AQ.1
20B	AS.1
20B	AS.2
20B	AT.1
20B	AV.1
20B	AZ.2
20B	AZ.2.1
20B	AZ.3
20B	AZ.4
20B	AZ.5
20B	B.1.1
20B	B.1.1.1
20B	B.1.1.10
20B	B.1.1.101
20B	B.1.1.107
20B	B.1.1.109
20B	B.1.1.110
20B	B.1.1.111
20B	B.1.1.113
20B	B.1.1.114
20B	B.1.1.115
20B	B.1.1.116
20B	B.1.1.117
20B	B.1.1.118
20B	B.1.1.119
20B	B.1.1.12
20B	B.1.1.120
20B	B.1.1.121
20B	B.1.1.122
20B	B.1.1.123
20B	B.1.1.125
20B	B.1.1.128
20B	B.1.1.129
20B	B.1.1.13
20B	B.1.1.130
20B	B.1.1.132
20B	B.1.1.133
20B	B.1.1.134
20B	B.1.1.135
20B	B.1.1.136
20B	B.1.1.137
20B	B.1.1.138
20B	B.1.1.139
20B	B.1.1.14
20B	B.1.1.141
20B	B.1.1.142
20B	B.1.1.144
20B	B.1.1.145
20B	B.1.1.147
20B	B.1.1.148
20B	B.1.1.149
20B	B.1.1.15
20B	B.1.1.152
20B	B.1.1.153
20B	B.1.1.154
20B	B.1.1.155
20B	B.1.1.157
20B	B.1.1.158
20B	B.1.1.159
20B	B.1.1.16
20B	B.1.1.160
20B	B.1.1.161
20B	B.1.1.162
20B	B.1.1.163
20B	B.1.1.164
20B	B.1.1.165
20B	B.1.1.166
20B	B.1.1.168
20B	B.1.1.169
20B	B.1.1.17
20B	B.1.1.170
20B	B.1.1.171
20B	B.1.1.172
20B	B.1.1.174
20B	B.1.1.175
20B	B.1.1.176
20B	B.1.1.177
20B	B.1.1.178
20B	B.1.1.180
20B	B.1.1.181
20B	B.1.1.182
20B	B.1.1.185
20B	B.1.1.186
20B	B.1.1.187
20B	B.1.1.189
20B	B.1.1.190
20B	B.1.1.192
20B	B.1.1.193
20B	B.1.1.194
20B	B.1.1.194_29706T
20B	B.1.1.196
20B	B.1.1.197
20B	B.1.1.198
20B	B.1.1.200
20B	B.1.1.201
20B	B.1.1.203
20B	B.1.1.204
20B	B.1.1.205
20B	B.1.1.207
20B	B.1.1.208
20B	B.1.1.209
20B	B.1.1.210
20B	B.1.1.213
20B	B.1.1.214
20B	B.1.1.216
20B	B.1.1.217
20B	B.1.1.218
20B	B.1.1.219
20B	B.1.1.220
20B	B.1.1.221
20B	B.1.1.222
20B	B.1.1.224
20B	B.1.1.225
20B	B.1.1.226
20B	B.1.1.227
20B	B.1.1.228
20B	B.1.1.229
20B	B.1.1.231
20B	B.1.1.232
20B	B.1.1.234
20B	B.1.1.236
20B	B.1.1.237
20B	B.1.1.239
20B	B.1.1.240
20B	B.1.1.241
20B	B.1.1.242
20B	B.1.1.243
20B	B.1.1.244
20B	B.1.1.249
20B	B.1.1.25
20B	B.1.1.251
20B	B.1.1.253
20B	B.1.1.254
20B	B.1.1.255
20B	B.1.1.256
20B	B.1.1.257
20B	B.1.1.258
20B	B.1.1.26
20B	B.1.1.261
20B	B.1.1.262
20B	B.1.1.263
20B	B.1.1.265
20B	B.1.1.266
20B	B.1.1.268
20B	B.1.1.269
20B	B.1.1.27
20B	B.1.1.270
20B	B.1.1.273
20B	B.1.1.274
20B	B.1.1.275
20B	B.1.1.277
20B	B.1.1.279
20B	B.1.1.28
20B	B.1.1.280
20B	B.1.1.282
20B	B.1.1.283
20B	B.1.1.284
20B	B.1.1.285
20B	B.1.1.286
20B	B.1.1.288
20B	B.1.1.289
20B	B.1.1.29
20B	B.1.1.290
20B	B.1.1.291
20B	B.1.1.294
20B	B.1.1.296
20B	B.1.1.297
20B	B.1.1.298
20B	B.1.1.299
20B	B.1.1.3
20B	B.1.1.300
20B	B.1.1.301
20B	B.1.1.302
20B	B.1.1.303
20B	B.1.1.304
20B	B.1.1.305
20B	B.1.1.306
20B	B.1.1.307
20B	B.1.1.308
20B	B.1.1.309
20B	B.1.1.310
20B	B.1.1.311
20B	B.1.1.312
20B	B.1.1.315
20B	B.1.1.316
20B	B.1.1.317
20B	B.1.1.318
20B	B.1.1.320
20B	B.1.1.322
20B	B.1.1.323
20B	B.1.1.325
20B	B.1.1.326
20B	B.1.1.327
20B	B.1.1.328
20B	B.1.1.329
20B	B.1.1.33
20B	B.1.1.331
20B	B.1.1.332
20B	B.1.1.333
20B	B.1.1.336
20B	B.1.1.337
20B	B.1.1.338
20B	B.1.1.339
20B	B.1.1.34
20B	B.1.1.341
20B	B.1.1.342
20B	B.1.1.344
20B	B.1.1.345
20B	B.1.1.347
20B	B.1.1.348
20B	B.1.1.349
20B	B.1.1.351
20B	B.1.1.352
20B	B.1.1.353
20B	B.1.1.354
20B	B.1.1.355
20B	B.1.1.356
20B	B.1.1.357
20B	B.1.1.358
20B	B.1.1.359
20B	B.1.1.360
20B	B.1.1.361
20B	B.1.1.362
20B	B.1.1.363
20B	B.1.1.364
20B	B.1.1.365
20B	B.1.1.366
20B	B.1.1.367
20B	B.1.1.368
20B	B.1.1.369
20B	B.1.1.37
20B	B.1.1.371
20B	B.1.1.372
20B	B.1.1.373
20B	B.1.1.374
20B	B.1.1.376
20B	B.1.1.377
20B	B.1.1.378
20B	B.1.1.379
20B	B.1.1.38
20B	B.1.1.380
20B	B.1.1.381
20B	B.1.1.382
20B	B.1.1.383
20B	B.1.1.384
20B	B.1.1.385
20B	B.1.1.388
20B	B.1.1.389
20B	B.1.1.39
20B	B.1.1.391
20B	B.1.1.392
20B	B.1.1.393
20B	B.1.1.395
20B	B.1.1.396
20B	B.1.1.397
20B	B.1.1.398
20B	B.1.1.4
20B	B.1.1.40
20B	B.1.1.402
20B	B.1.1.403
20B	B.1.1.404
20B	B.1.1.405
20B	B.1.1.406
20B	B.1.1.408
20B	B.1.1.41
20B	B.1.1.412
20B	B.1.1.413
20B	B.1.1.416
20B	B.1.1.417
20B	B.1.1.418
20B	B.1.1.420
20B	B.1.1.421
20B	B.1.1.423
20B	B.1.1.424
20B	B.1.1.425
20B	B.1.1.426
20B	B.1.1.428
20B	B.1.1.429
20B	B.1.1.43
20B	B.1.1.430
20B	B.1.1.432
20B	B.1.1.434
20B	B.1.1.437
20B	B.1.1.438
20B	B.1.1.44
20B	B.1.1.440
20B	B.1.1.441
20B	B.1.1.447
20B	B.1.1.448
20B	B.1.1.449
20B	B.1.1.45
20B	B.1.1.450
20B	B.1.1.453
20B	B.1.1.458
20B	B.1.1.459
20B	B.1.1.46
20B	B.1.1.461
20B	B.1.1.462
20B	B.1.1.463
20B	B.1.1.464
20B	B.1.1.466
20B	B.1.1.467
20B	B.1.1.47
20B	B.1.1.48
20B	B.1.1.480
20B	B.1.1.482
20B	B.1.1.484
20B	B.1.1.485
20B	B.1.1.486
20B	B.1.1.487
20B	B.1.1.49
20B	B.1.1.5
20B	B.1.1.50
20B	B.1.1.500
20B	B.1.1.506
20B	B.1.1.507
20B	B.1.1.51
20B	B.1.1.512
20B	B.1.1.513
20B	B.1.1.514
20B	B.1.1.517
20B	B.1.1.518
20B	B.1.1.519
20B	B.1.1.521
20B	B.1.1.523
20B	B.1.1.524
20B	B.1.1.525
20B	B.1.1.526
20B	B.1.1.528
20B	B.1.1.529
20B	B.1.1.529_dropout
20B	B.1.1.54
20B	B.1.1.55
20B	B.1.1.57
20B	B.1.1.58
20B	B.1.1.59
20B	B.1.1.61
20B	B.1.1.62
20B	B.1.1.63
20B	B.1.1.67
20B	B.1.1.70
20B	B.1.1.71
20B	B.1.1.72
20B	B.1.173
20B	B.1.1.74
20B	B.1.1.75
20B	B.1.1.77
20B	B.1.1.7_dropout
20B	B.1.1.8
20B	B.1.1.82
20B	B.1.1.83
20B	B.1.1.86
20B	B.1.1.88
20B	B.1.1.89
20B	B.1.1.90
20B	B.1.1.92
20B	B.1.1.93
20B	B.1.1.95
20B	B.1.1.97
20B	B.1.1.98
20B	B.1.1.99
20B	B.1.531
20B	B.1.532
20B	B.1.533
20B	B.1.548
20B	B.1.560
20B	D.3
20B	D.4
20B	D.5
20B	K.2
20B	L.2
20B	L.3
20B	L.4
20B	M.2
20B	M.3
20B	N.1
20B	N.10
20B	N.2
20B	N.3
20B	N.4
20B	N.5
20B	N.6
20B	N.7
20B	N.8
20B	N.9
20B	P.1
20B	P.2
20B	P.4
20B	P.6
20B	P.7
20B	R.1
20B	R.2
20B	XA
20C	B.1
20C	B.1.108
20C	B.1.115
20C	B.1.116
20C	B.1.117
20C	B.1.118
20C	B.1.12
20C	B.1.120
20C	B.1.165
20C	B.1.166
20C	B.1.167
20C	B.1.168
20C	B.1.263
20C	B.1.264
20C	B.1.264.1
20C	B.1.265
20C	B.1.267
20C	B.1.268
20C	B.1.284
20C	B.1.287
20C	B.1.289
20C	B.1.293
20C	B.1.294
20C	B.1.298
20C	B.1.3
20C	B.1.301
20C	B.1.302
20C	B.1.304
20C	B.1.305
20C	B.1.306
20C	B.1.308
20C	B.1.309
20C	B.1.310
20C	B.1.311
20C	B.1.313
20C	B.1.314
20C	B.1.315
20C	B.1.318
20C	B.1.319
20C	B.1.320
20C	B.1.321
20C	B.1.323
20C	B.1.324
20C	B.1.325
20C	B.1.328
20C	B.1.329
20C	B.1.330
20C	B.1.332
20C	B.1.333
20C	B.1.334
20C	B.1.335
20C	B.1.336
20C	B.1.337
20C	B.1.338
20C	B.1.340
20C	B.1.341
20C	B.1.342
20C	B.1.344
20C	B.1.346
20C	B.1.348
20C	B.1.349
20C	B.1.350
20C	B.1.350.1
20C	B.1.355
20C	B.1.356
20C	B.1.357
20C	B.1.359
20C	B.1.360
20C	B.1.361
20C	B.1.362
20C	B.1.362.1
20C	B.1.362.2
20C	B.1.363
20C	B.1.366
20C	B.1.367
20C	B.1.369
20C	B.1.370
20C	B.1.372
20C	B.1.375
20C	B.1.38
20C	B.1.39
20C	B.1.40
20C	B.1.411
20C	B.1.413
20C	B.1.422
20C	B.1.423
20C	B.1.424
20C	B.1.425
20C	B.1.426
20C	B.1.428
20C	B.1.428.1
20C	B.1.428.2
20C	B.1.428.3
20C	B.1.431
20C	B.1.432
20C	B.1.433
20C	B.1.435
20C	B.1.437
20C	B.1.44
20C	B.1.444
20C	B.1.445
20C	B.1.448
20C	B.1.450
20C	B.1.451
20C	B.1.451_no29179
20C	B.1.452
20C	B.1.453
20C	B.1.485
20C	B.1.487
20C	B.1.489
20C	B.1.491
20C	B.1.492
20C	B.1.493
20C	B.1.494
20C	B.1.495
20C	B.1.496
20C	B.1.497
20C	B.1.498
20C	B.1.499
20C	B.1.499.1
20C	B.1.500
20C	B.1.501
20C	B.1.502
20C	B.1.503
20C	B.1.504
20C	B.1.505
20C	B.1.507
20C	B.1.508
20C	B.1.509
20C	B.1.510
20C	B.1.511
20C	B.1.513
20C	B.1.515
20C	B.1.516
20C	B.1.517
20C	B.1.518
20C	B.1.520
20C	B.1.521
20C	B.1.526
20C	B.1.541
20C	B.1.564
20C	B.1.564.1
20C	B.1.567
20C	B.1.568
20C	B.1.569
20C	B.1.570
20C	B.1.571
20C	B.1.572
20C	B.1.574
20C	B.1.575
20C	B.1.575.1
20C	B.1.576
20C	B.1.577
20C	B.1.578
20C	B.1.579
20C	B.1.580
20C	B.1.581
20C	B.1.582
20C	B.1.585
20C	B.1.586
20C	B.1.587
20C	B.1.588
20C	B.1.589
20C	B.1.590
20C	B.1.591
20C	B.1.593
20C	B.1.594
20C	B.1.595
20C	B.1.595.1
20C	B.1.595.2
20C	B.1.595.3
20C	B.1.595.4
20C	B.1.596.1
20C	B.1.597
20C	B.1.599
20C	B.1.601
20C	B.1.603
20C	B.1.604
20C	B.1.605
20C	B.1.606
20C	B.1.607
20C	B.1.623
20C	B.1.626
20C	B.1.630
20C	B.1.637
20C	B.1.637.1
20D	B.1.1.1
20D	B.1.1.375
20D	C.1
20D	C.1.2
20D	C.12
20D	C.13
20D	C.14
20D	C.16
20D	C.17
20D	C.18
20D	C.2
20D	C.20
20D	C.2.1
20D	C.23
20D	C.25
20D	C.26
20D	C.27
20D	C.28
20D	C.3
20D	C.30
20D	C.30.1
20D	C.31
20D	C.32
20D	C.33
20D	C.35
20D	C.36
20D	C.36.1
20D	C.36.2
20D	C.36.3
20D	C.36.3.1
20D	C.38
20D	C.4
20D	C.5
20D	C.8
20E	AA.1
20E	AA.2
20E	AA.3
20E	AA.4
20E	AA.5
20E	AA.6
20E	AA.7
20E	AA.8
20E	B.1
20E	B.1.177
20E	B.1.177.10
20E	B.1.177.11
20E	B.1.177.12
20E	B.1.177.14
20E	B.1.177.15
20E	B.1.177.16
20E	B.1.177.17
20E	B.1.177.18
20E	B.1.177.19
20E	B.1.177.2
20E	B.1.177.20
20E	B.1.177.21
20E	B.1.177.23
20E	B.1.177.24
20E	B.1.177.25
20E	B.1.177.26
20E	B.1.177.28
20E	B.1.177.29
20E	B.1.177.3
20E	B.1.177.30
20E	B.1.177.32
20E	B.1.177.33
20E	B.1.177.35
20E	B.1.177.38
20E	B.1.177.39
20E	B.1.177.4
20E	B.1.177.40
20E	B.1.177.41
20E	B.1.177.42
20E	B.1.177.43
20E	B.1.177.44
20E	B.1.177.44_no29366T
20E	B.1.177.45
20E	B.1.177.46
20E	B.1.177.47
20E	B.1.177.48
20E	B.1.177.5
20E	B.1.177.50
20E	B.1.177.51
20E	B.1.177.52
20E	B.1.177.53
20E	B.1.177.54
20E	B.1.177.55
20E	B.1.177.56
20E	B.1.177.57
20E	B.1.177.58
20E	B.1.177.59
20E	B.1.177.6
20E	B.1.177.60
20E	B.1.177.61
20E	B.1.177.62
20E	B.1.177.63
20E	B.1.177.64
20E	B.1.177.65
20E	B.1.177.67
20E	B.1.177.68
20E	B.1.177.69
20E	B.1.177.7
20E	B.1.177.70
20E	B.1.177.71
20E	B.1.177.72
20E	B.1.177.73
20E	B.1.177.74
20E	B.1.177.75
20E	B.1.177.76
20E	B.1.177.77
20E	B.1.177.8
20E	B.1.177.80
20E	B.1.177.81
20E	B.1.177.82
20E	B.1.177.83
20E	B.1.177.84
20E	B.1.177.85
20E	B.1.177.86
20E	B.1.177.87
20E	B.1.177.89
20E	B.1.177.9
20E	U.1
20E	U.3
20E	V.1
20E	V.2
20E	W.1
20E	W.2
20E	W.3
20E	W.4
20E	Y.1
20E	Z.1
20F	D.2
20G	B.1.2
20H (Beta)	B.1.351
20H (Beta)	B.1.351.2
20H (Beta)	B.1.351.3
20H (Beta)	B.1.351.5
20I (Alpha)	B.1.1.7
20I (Alpha)	B.1.1.7_dropout
20I (Alpha)	Q.1
20I (Alpha)	Q.1_21770
20I (Alpha)	Q.2
20I (Alpha)	Q.3
20I (Alpha)	Q.4
20I (Alpha)	Q.6
20I (Alpha)	Q.7
20I (Alpha)	Q.8
20J (Gamma)	P.1
20J (Gamma)	P.1.1
20J (Gamma)	P.1.10
20J (Gamma)	P.1.11
20J (Gamma)	P.1.12
20J (Gamma)	P.1.12.1
20J (Gamma)	P.1.13
20J (Gamma)	P.1.14
20J (Gamma)	P.1.15
20J (Gamma)	P.1.16
20J (Gamma)	P.1.17
20J (Gamma)	P.1.17.1
20J (Gamma)	P.1.2
20J (Gamma)	P.1.4
20J (Gamma)	P.1.5
20J (Gamma)	P.1.6
20J (Gamma)	P.1.7
20J (Gamma)	P.1.7.1
20J (Gamma)	P.1.8
20J (Gamma)	P.1.9
21A (Delta)	B.1.617.2
21B (Kappa)	B.1.617.1
21C (Epsilon)	B.1.427
21C (Epsilon)	B.1.429
21C (Epsilon)	B.1.429.1
21D (Eta)	B.1.525
21E (Theta)	P.3
21F (Iota)	B.1.526
21G (Lambda)	B.1.1.1
21G (Lambda)	C.37
21G (Lambda)	C.37.1
21H (Mu)	B.1
21H (Mu)	B.1.621
21H (Mu)	B.1.621.1
21H (Mu)	B.1.621.2
21H (Mu)	BB.2
21I (Delta)	AY.10
21I (Delta)	AY.11
21I (Delta)	AY.13
21I (Delta)	AY.133
21I (Delta)	AY.14
21I (Delta)	AY.15
21I (Delta)	AY.16
21I (Delta)	AY.16.1
21I (Delta)	AY.17
21I (Delta)	AY.19
21I (Delta)	AY.2
21I (Delta)	AY.24
21I (Delta)	AY.24.1
21I (Delta)	AY.26
21I (Delta)	AY.26.1
21I (Delta)	AY.27
21I (Delta)	AY.28
21I (Delta)	AY.30
21I (Delta)	AY.31
21I (Delta)	AY.35
21I (Delta)	AY.37
21I (Delta)	AY.38
21I (Delta)	AY.47
21I (Delta)	AY.48
21I (Delta)	AY.49
21I (Delta)	AY.50
21I (Delta)	AY.51
21I (Delta)	AY.52
21I (Delta)	AY.53
21I (Delta)	AY.54
21I (Delta)	AY.55
21I (Delta)	AY.56
21I (Delta)	AY.57
21I (Delta)	AY.58
21I (Delta)	AY.59
21I (Delta)	AY.60
21I (Delta)	AY.61
21I (Delta)	AY.62
21I (Delta)	AY.63
21I (Delta)	AY.64
21I (Delta)	AY.65
21I (Delta)	AY.66
21I (Delta)	AY.67
21I (Delta)	AY.68
21I (Delta)	AY.69
21I (Delta)	AY.70
21I (Delta)	AY.71
21I (Delta)	AY.72
21I (Delta)	AY.73
21I (Delta)	AY.74
21I (Delta)	AY.75
21I (Delta)	AY.75.2
21I (Delta)	AY.75.3
21I (Delta)	AY.8
21I (Delta)	AY.9
21I (Delta)	AY.9.2
21I (Delta)	AY.9.2.2
21I (Delta)	B.1.617.2
21J (Delta)	AY.1
21J (Delta)	AY.100
21J (Delta)	AY.101
21J (Delta)	AY.102
21J (Delta)	AY.103
21J (Delta)	AY.103.1
21J (Delta)	AY.104
21J (Delta)	AY.105
21J (Delta)	AY.106
21J (Delta)	AY.107
21J (Delta)	AY.108
21J (Delta)	AY.109
21J (Delta)	AY.110
21J (Delta)	AY.111
21J (Delta)	AY.112
21J (Delta)	AY.112.1
21J (Delta)	AY.112.2
21J (Delta)	AY.112.3
21J (Delta)	AY.113
21J (Delta)	AY.114
21J (Delta)	AY.116
21J (Delta)	AY.116.1
21J (Delta)	AY.117
21J (Delta)	AY.118
21J (Delta)	AY.119
21J (Delta)	AY.119.1
21J (Delta)	AY.119.2
21J (Delta)	AY.120
21J (Delta)	AY.120.1
21J (Delta)	AY.120.2
21J (Delta)	AY.120.2.1
21J (Delta)	AY.121
21J (Delta)	AY.121.1
21J (Delta)	AY.122
21J (Delta)	AY.122.1
21J (Delta)	AY.122.2
21J (Delta)	AY.122.3
21J (Delta)	AY.122.4
21J (Delta)	AY.122.5
21J (Delta)	AY.122.6
21J (Delta)	AY.123
21J (Delta)	AY.123.1
21J (Delta)	AY.124
21J (Delta)	AY.124.1
21J (Delta)	AY.124.1.1
21J (Delta)	AY.125
21J (Delta)	AY.125.1
21J (Delta)	AY.126
21J (Delta)	AY.127
21J (Delta)	AY.127.1
21J (Delta)	AY.128
21J (Delta)	AY.129
21J (Delta)	AY.130
21J (Delta)	AY.131
21J (Delta)	AY.132
21J (Delta)	AY.134
21J (Delta)	AY.20
21J (Delta)	AY.20.1
21J (Delta)	AY.21
21J (Delta)	AY.22
21J (Delta)	AY.23
21J (Delta)	AY.23.1
21J (Delta)	AY.23.2
21J (Delta)	AY.25
21J (Delta)	AY.25.1
21J (Delta)	AY.25.1.1
21J (Delta)	AY.25.1.2
21J (Delta)	AY.25.2
21J (Delta)	AY.25.3
21J (Delta)	AY.29
21J (Delta)	AY.29.1
21J (Delta)	AY.29.2
21J (Delta)	AY.3
21J (Delta)	AY.3.1
21J (Delta)	AY.32
21J (Delta)	AY.3.3
21J (Delta)	AY.33
21J (Delta)	AY.33.1
21J (Delta)	AY.33.2
21J (Delta)	AY.3.4
21J (Delta)	AY.34
21J (Delta)	AY.34.1
21J (Delta)	AY.34.1.1
21J (Delta)	AY.34.2
21J (Delta)	AY.36
21J (Delta)	AY.36.1
21J (Delta)	AY.39
21J (Delta)	AY.39.1
21J (Delta)	AY.39.1.1
21J (Delta)	AY.39.1.2
21J (Delta)	AY.39.1.3
21J (Delta)	AY.39.1.4
21J (Delta)	AY.39.2
21J (Delta)	AY.39.3
21J (Delta)	AY.4
21J (Delta)	AY.4.1
21J (Delta)	AY.41
21J (Delta)	AY.4.10
21J (Delta)	AY.4.11
21J (Delta)	AY.4.12
21J (Delta)	AY.4.13
21J (Delta)	AY.4.14
21J (Delta)	AY.4.15
21J (Delta)	AY.4.16
21J (Delta)	AY.4.17
21J (Delta)	AY.4.2
21J (Delta)	AY.42
21J (Delta)	AY.4.2.1
21J (Delta)	AY.42.1
21J (Delta)	AY.4.2.2
21J (Delta)	AY.4.2.3
21J (Delta)	AY.4.2.4
21J (Delta)	AY.4.2.5
21J (Delta)	AY.4.3
21J (Delta)	AY.43
21J (Delta)	AY.43.1
21J (Delta)	AY.43.2
21J (Delta)	AY.43.3
21J (Delta)	AY.43.4
21J (Delta)	AY.43.5
21J (Delta)	AY.43.6
21J (Delta)	AY.43.7
21J (Delta)	AY.43.8
21J (Delta)	AY.43.9
21J (Delta)	AY.4.4
21J (Delta)	AY.44
21J (Delta)	AY.4.5
21J (Delta)	AY.45
21J (Delta)	AY.4.6
21J (Delta)	AY.46
21J (Delta)	AY.46.1
21J (Delta)	AY.46.2
21J (Delta)	AY.46.3
21J (Delta)	AY.46.4
21J (Delta)	AY.46.5
21J (Delta)	AY.46.6
21J (Delta)	AY.46.6.1
21J (Delta)	AY.4.7
21J (Delta)	AY.4.8
21J (Delta)	AY.4.9
21J (Delta)	AY.5
21J (Delta)	AY.5.1
21J (Delta)	AY.5.2
21J (Delta)	AY.5.3
21J (Delta)	AY.5.4
21J (Delta)	AY.5.5
21J (Delta)	AY.5.6
21J (Delta)	AY.6
21J (Delta)	AY.7
21J (Delta)	AY.7.1
21J (Delta)	AY.7.2
21J (Delta)	AY.76
21J (Delta)	AY.77
21J (Delta)	AY.78
21J (Delta)	AY.79
21J (Delta)	AY.80
21J (Delta)	AY.81
21J (Delta)	AY.82
21J (Delta)	AY.83
21J (Delta)	AY.84
21J (Delta)	AY.85
21J (Delta)	AY.86
21J (Delta)	AY.87
21J (Delta)	AY.88
21J (Delta)	AY.90
21J (Delta)	AY.91
21J (Delta)	AY.91.1
21J (Delta)	AY.92
21J (Delta)	AY.93
21J (Delta)	AY.94
21J (Delta)	AY.95
21J (Delta)	AY.98
21J (Delta)	AY.98.1
21J (Delta)	AY.98.1.1
21J (Delta)	AY.99
21J (Delta)	AY.99.1
21J (Delta)	AY.99.2
21J (Delta)	B.1.617.2
21K (BA.1)	BA.1
21K (BA.1)	BA.1.1
21K (BA.1)	BA.1.10
21K (BA.1)	BA.1.1.1
21K (BA.1)	BA.1.1.10
21K (BA.1)	BA.1.1.11
21K (BA.1)	BA.1.1.12
21K (BA.1)	BA.1.1.13
21K (BA.1)	BA.1.1.14
21K (BA.1)	BA.1.1.15
21K (BA.1)	BA.1.1.16
21K (BA.1)	BA.1.1.17
21K (BA.1)	BA.1.1.18
21K (BA.1)	BA.1.1.2
21K (BA.1)	BA.1.12
21K (BA.1)	BA.1.1.3
21K (BA.1)	BA.1.13
21K (BA.1)	BA.1.13.1
21K (BA.1)	BA.1.1.4
21K (BA.1)	BA.1.14
21K (BA.1)	BA.1.14.1
21K (BA.1)	BA.1.14.2
21K (BA.1)	BA.1.1.5
21K (BA.1)	BA.1.15
21K (BA.1)	BA.1.15.1
21K (BA.1)	BA.1.15.2
21K (BA.1)	BA.1.15.3
21K (BA.1)	BA.1.1.6
21K (BA.1)	BA.1.16
21K (BA.1)	BA.1.16.1
21K (BA.1)	BA.1.16.2
21K (BA.1)	BA.1.1.7
21K (BA.1)	BA.1.17
21K (BA.1)	BA.1.17.1
21K (BA.1)	BA.1.17.2
21K (BA.1)	BA.1.1.8
21K (BA.1)	BA.1.18
21K (BA.1)	BA.1.1.9
21K (BA.1)	BA.1.19
21K (BA.1)	BA.1.2
21K (BA.1)	BA.1.20
21K (BA.1)	BA.1.21
21K (BA.1)	BA.1.21.1
21K (BA.1)	BA.1.23
21K (BA.1)	BA.1.3
21K (BA.1)	BA.1.4
21K (BA.1)	BA.1.5
21K (BA.1)	BA.1.6
21K (BA.1)	BA.1.7
21K (BA.1)	BA.1.8
21K (BA.1)	BA.1.9
21K (BA.1)	BC.1
21K (BA.1)	BC.2
21K (BA.1)	BD.1
21K (BA.1)	miscDeltaBA1Post4k
21K (BA.1)	proposed422
21K (BA.1)	proposed439
21K (BA.1)	proposed441
21K (BA.1)	proposed446
21K (BA.1)	proposed455
21K (BA.1)	XAW
21K (BA.1)	XD
21K (BA.1)	XF
21K (BA.1)	XP
21K (BA.1)	XS
21L (BA.2)	BA.2
21L (BA.2)	BA.2.1
21L (BA.2)	BA.2.10
21L (BA.2)	BA.2.10.1
21L (BA.2)	BA.2.10.2
21L (BA.2)	BA.2.10.3
21L (BA.2)	BA.2.10.4
21L (BA.2)	BA.2.11
21L (BA.2)	BA.2.12
21L (BA.2)	BA.2.12.2
21L (BA.2)	BA.2.13
21L (BA.2)	BA.2.13.1
21L (BA.2)	BA.2.14
21L (BA.2)	BA.2.15
21L (BA.2)	BA.2.16
21L (BA.2)	BA.2.17
21L (BA.2)	BA.2_17079_27945
21L (BA.2)	BA.2.18
21L (BA.2)	BA.2.19
21L (BA.2)	BA.2.2
21L (BA.2)	BA.2.20
21L (BA.2)	BA.2.2.1
21L (BA.2)	BA.2.21
21L (BA.2)	BA.2_21765_no22792
21L (BA.2)	BA.2.22
21L (BA.2)	BA.2_22792_27945
21L (BA.2)	BA.2.23
21L (BA.2)	BA.2.23.1
21L (BA.2)	BA.2.24
21L (BA.2)	BA.2.25
21L (BA.2)	BA.2.25.1
21L (BA.2)	BA.2_25416_27945
21L (BA.2)	BA.2.26
21L (BA.2)	BA.2.27
21L (BA.2)	BA.2.28
21L (BA.2)	BA.2.29
21L (BA.2)	BA.2.3
21L (BA.2)	BA.2.30
21L (BA.2)	BA.2.3.1
21L (BA.2)	BA.2.31
21L (BA.2)	BA.2.3.10
21L (BA.2)	BA.2.3.11
21L (BA.2)	BA.2.31.1
21L (BA.2)	BA.2.3.12
21L (BA.2)	BA.2.3.13
21L (BA.2)	BA.2.3.14
21L (BA.2)	BA.2.3.15
21L (BA.2)	BA.2.3.16
21L (BA.2)	BA.2.3.17
21L (BA.2)	BA.2.3.18
21L (BA.2)	BA.2.3.2
21L (BA.2)	BA.2.32
21L (BA.2)	BA.2.3.20
21L (BA.2)	BA.2.3.21
21L (BA.2)	BA.2.3.22
21L (BA.2)	BA.2.33
21L (BA.2)	BA.2.3.4
21L (BA.2)	BA.2.34
21L (BA.2)	BA.2.3.5
21L (BA.2)	BA.2.35
21L (BA.2)	BA.2.3.6
21L (BA.2)	BA.2.36
21L (BA.2)	BA.2.3.7
21L (BA.2)	BA.2.37
21L (BA.2)	BA.2.3.8
21L (BA.2)	BA.2.38
21L (BA.2)	BA.2.38.1
21L (BA.2)	BA.2.38.2
21L (BA.2)	BA.2.38.3
21L (BA.2)	BA.2.38.4
21L (BA.2)	BA.2.3.9
21L (BA.2)	BA.2.39
21L (BA.2)	BA.2.3.9_rev10198
21L (BA.2)	BA.2.4
21L (BA.2)	BA.2.40
21L (BA.2)	BA.2.40.1
21L (BA.2)	BA.2.41
21L (BA.2)	BA.2.42
21L (BA.2)	BA.2.43
21L (BA.2)	BA.2.44
21L (BA.2)	BA.2.45
21L (BA.2)	BA.2.46
21L (BA.2)	BA.2.47
21L (BA.2)	BA.2.48
21L (BA.2)	BA.2.49
21L (BA.2)	BA.2.5
21L (BA.2)	BA.2.50
21L (BA.2)	BA.2.51
21L (BA.2)	BA.2.52
21L (BA.2)	BA.2.53
21L (BA.2)	BA.2.54
21L (BA.2)	BA.2.55
21L (BA.2)	BA.2.56
21L (BA.2)	BA.2.57
21L (BA.2)	BA.2.58
21L (BA.2)	BA.2.59
21L (BA.2)	BA.2.6
21L (BA.2)	BA.2.60
21L (BA.2)	BA.2.61
21L (BA.2)	BA.2.62
21L (BA.2)	BA.2.63
21L (BA.2)	BA.2.64
21L (BA.2)	BA.2.65
21L (BA.2)	BA.2.66
21L (BA.2)	BA.2.67
21L (BA.2)	BA.2.68
21L (BA.2)	BA.2.69
21L (BA.2)	BA.2.7
21L (BA.2)	BA.2.70
21L (BA.2)	BA.2.71
21L (BA.2)	BA.2.72
21L (BA.2)	BA.2.73
21L (BA.2)	BA.2.74
21L (BA.2)	BA.2.75_dropout
21L (BA.2)	BA.2.76
21L (BA.2)	BA.2.76.1
21L (BA.2)	BA.2.77
21L (BA.2)	BA.2.78
21L (BA.2)	BA.2.79
21L (BA.2)	BA.2.79.1
21L (BA.2)	BA.2.8
21L (BA.2)	BA.2.80
21L (BA.2)	BA.2.81
21L (BA.2)	BA.2.82
21L (BA.2)	BA.2.83
21L (BA.2)	BA.2.85
21L (BA.2)	BA.2.9
21L (BA.2)	BA.2.9.1
21L (BA.2)	BA.2.9.2
21L (BA.2)	BA.2.9.3
21L (BA.2)	BA.2.9.4
21L (BA.2)	BA.2.9.5
21L (BA.2)	BA.2.9.6
21L (BA.2)	BA.2.9.7
21L (BA.2)	BA.4.8
21L (BA.2)	BA.4_dropout
21L (BA.2)	BA.5_dropout
21L (BA.2)	BH.1
21L (BA.2)	BJ.1
21L (BA.2)	BP.1
21L (BA.2)	BS.1
21L (BA.2)	BS.1.1
21L (BA.2)	BS.1.2
21L (BA.2)	CM.1
21L (BA.2)	CM.10
21L (BA.2)	CM.11
21L (BA.2)	CM.12
21L (BA.2)	CM.2
21L (BA.2)	CM.2.1
21L (BA.2)	CM.3
21L (BA.2)	CM.4
21L (BA.2)	CM.4.1
21L (BA.2)	CM.5
21L (BA.2)	CM.5.1
21L (BA.2)	CM.5.2
21L (BA.2)	CM.6
21L (BA.2)	CM.6.1
21L (BA.2)	CM.7
21L (BA.2)	CM.7.1
21L (BA.2)	CM.7.1.1
21L (BA.2)	CM.8
21L (BA.2)	CM.8.1
21L (BA.2)	CM.8.1.1
21L (BA.2)	CM.8.1.2
21L (BA.2)	CM.8.1.3
21L (BA.2)	CM.8.1.4
21L (BA.2)	CM.8.1.5
21L (BA.2)	CM.9
21L (BA.2)	DD.1
21L (BA.2)	FV.1
21L (BA.2)	miscBA1BA2Post13k
21L (BA.2)	miscBA1BA2Post17k
21L (BA.2)	miscBA1BA2Post5386
21L (BA.2)	miscBA1BA2Post8393
21L (BA.2)	miscBA1BA2Pre10k
21L (BA.2)	miscBA1BA2Pre4321
21L (BA.2)	miscBA2BA1PostSpike
21L (BA.2)	proposed467
21L (BA.2)	XAA
21L (BA.2)	XAB
21L (BA.2)	XAC
21L (BA.2)	XAD
21L (BA.2)	XAE
21L (BA.2)	XAF
21L (BA.2)	XAG
21L (BA.2)	XAH
21L (BA.2)	XAJ
21L (BA.2)	XAK
21L (BA.2)	XAL
21L (BA.2)	XAM
21L (BA.2)	XAP
21L (BA.2)	XAQ
21L (BA.2)	XAS
21L (BA.2)	XAT
21L (BA.2)	XAU
21L (BA.2)	XBB_dropout
21L (BA.2)	XBJ
21L (BA.2)	XBJ.1
21L (BA.2)	XBJ.2
21L (BA.2)	XBJ.3
21L (BA.2)	XBJ.4
21L (BA.2)	XCT
21L (BA.2)	XCT.1
21L (BA.2)	XE
21L (BA.2)	XG
21L (BA.2)	XH
21L (BA.2)	XJ
21L (BA.2)	XL
21L (BA.2)	XM
21L (BA.2)	XN
21L (BA.2)	XQ
21L (BA.2)	XR
21L (BA.2)	XU
21L (BA.2)	XV
21L (BA.2)	XW
21L (BA.2)	XY
21L (BA.2)	XZ
21M (Omicron)	B.1.1.529
21M (Omicron)	BA.1_dropout
21M (Omicron)	BA.2_dropout
21M (Omicron)	BA.3
21M (Omicron)	BA.3.1
21M (Omicron)	GL.1
21M (Omicron)	GL.3
21M (Omicron)	GT.1
21M (Omicron)	HW.1
21M (Omicron)	HW.1.1
21M (Omicron)	HW.1.2
21M (Omicron)	HW.1.3
21M (Omicron)	KD.1
21M (Omicron)	KD.2
21M (Omicron)	XAY
21M (Omicron)	XAY.1
21M (Omicron)	XAY.1.1
21M (Omicron)	XAY.1.1.1
21M (Omicron)	XAY.1.1.2
21M (Omicron)	XAY.1.1.3
21M (Omicron)	XAY.1.2
21M (Omicron)	XAY.2
21M (Omicron)	XAY.2.1
21M (Omicron)	XAY.2.2
21M (Omicron)	XAY.2.3
21M (Omicron)	XAY.3
21M (Omicron)	XBC.1
21M (Omicron)	XBC.1.1
21M (Omicron)	XBC.1.1.1
21M (Omicron)	XBC.1.2
21M (Omicron)	XBC.1.2.1
21M (Omicron)	XBC.1.3
21M (Omicron)	XBC.1.3.1
21M (Omicron)	XBC.1.4
21M (Omicron)	XBC.1.5
21M (Omicron)	XBC.1.6
21M (Omicron)	XBC.1.6.1
21M (Omicron)	XBC.1.6.3
21M (Omicron)	XBC.1.6.4
21M (Omicron)	XBC.1.6.5
21M (Omicron)	XBC.2
21M (Omicron)	XCU
22A (BA.4)	BA.4
22A (BA.4)	BA.4.1
22A (BA.4)	BA.4.1.1
22A (BA.4)	BA.4.1.10
22A (BA.4)	BA.4.1.11
22A (BA.4)	BA.4.1.2
22A (BA.4)	BA.4.1.3
22A (BA.4)	BA.4.1.4
22A (BA.4)	BA.4.1.5
22A (BA.4)	BA.4.1.6
22A (BA.4)	BA.4.1.7
22A (BA.4)	BA.4.1.8
22A (BA.4)	BA.4.1.9
22A (BA.4)	BA.4.2
22A (BA.4)	BA.4.3
22A (BA.4)	BA.4.4
22A (BA.4)	BA.4.5
22A (BA.4)	BA.4.6
22A (BA.4)	BA.4.6.1
22A (BA.4)	BA.4.6.2
22A (BA.4)	BA.4.6.3
22A (BA.4)	BA.4.6.4
22A (BA.4)	BA.4.6.5
22A (BA.4)	BA.4.7
22A (BA.4)	CS.1
22A (BA.4)	DC.1
22A (BA.4)	proposed1006
22B (BA.5)	BA.5
22B (BA.5)	BA.5.1
22B (BA.5)	BA.5.10
22B (BA.5)	BA.5.10.1
22B (BA.5)	BA.5.1.1
22B (BA.5)	BA.5.11
22B (BA.5)	BA.5.1.10
22B (BA.5)	BA.5.1.11
22B (BA.5)	BA.5.1.12
22B (BA.5)	BA.5.1.15
22B (BA.5)	BA.5.1.15_no10183
22B (BA.5)	BA.5.1.16
22B (BA.5)	BA.5.1.17
22B (BA.5)	BA.5.1.18
22B (BA.5)	BA.5.1.19
22B (BA.5)	BA.5.1.2
22B (BA.5)	BA.5.12
22B (BA.5)	BA.5.1.20
22B (BA.5)	BA.5.1.21
22B (BA.5)	BA.5.1.22
22B (BA.5)	BA.5.1.23
22B (BA.5)	BA.5.1.24
22B (BA.5)	BA.5.1.25
22B (BA.5)	BA.5.1.26
22B (BA.5)	BA.5.1.27
22B (BA.5)	BA.5.1.28
22B (BA.5)	BA.5.1.29
22B (BA.5)	BA.5.1.3
22B (BA.5)	BA.5.1.30
22B (BA.5)	BA.5.1.31
22B (BA.5)	BA.5.1.32
22B (BA.5)	BA.5.1.33
22B (BA.5)	BA.5.1.34
22B (BA.5)	BA.5.1.35
22B (BA.5)	BA.5.1.36
22B (BA.5)	BA.5.1.37
22B (BA.5)	BA.5.1.38
22B (BA.5)	BA.5.1.4
22B (BA.5)	BA.5.1.5
22B (BA.5)	BA.5.1.6
22B (BA.5)	BA.5.1.7
22B (BA.5)	BA.5.1.8
22B (BA.5)	BA.5.1.9
22B (BA.5)	BA.5.1_no27438
22B (BA.5)	BA.5.1_no29666
22B (BA.5)	BA.5.2
22B (BA.5)	BA.5.2.1
22B (BA.5)	BA.5.2.10
22B (BA.5)	BA.5.2.11
22B (BA.5)	BA.5.2.12
22B (BA.5)	BA.5.2.13
22B (BA.5)	BA.5.2.14
22B (BA.5)	BA.5.2.16
22B (BA.5)	BA.5.2.18
22B (BA.5)	BA.5.2.19
22B (BA.5)	BA.5.2.2
22B (BA.5)	BA.5.2.20
22B (BA.5)	BA.5.2.21
22B (BA.5)	BA.5.2.22
22B (BA.5)	BA.5.2.23
22B (BA.5)	BA.5.2.24
22B (BA.5)	BA.5.2.25
22B (BA.5)	BA.5.2.26
22B (BA.5)	BA.5.2.27
22B (BA.5)	BA.5.2.28
22B (BA.5)	BA.5.2.29
22B (BA.5)	BA.5.2.3
22B (BA.5)	BA.5.2.30
22B (BA.5)	BA.5.2.31
22B (BA.5)	BA.5.2.32
22B (BA.5)	BA.5.2.33
22B (BA.5)	BA.5.2.34
22B (BA.5)	BA.5.2.35
22B (BA.5)	BA.5.2.36
22B (BA.5)	BA.5.2.37
22B (BA.5)	BA.5.2.38
22B (BA.5)	BA.5.2.39
22B (BA.5)	BA.5.2.4
22B (BA.5)	BA.5.2.40
22B (BA.5)	BA.5.2.41
22B (BA.5)	BA.5.2.42
22B (BA.5)	BA.5.2.43
22B (BA.5)	BA.5.2.44
22B (BA.5)	BA.5.2.45
22B (BA.5)	BA.5.2.46
22B (BA.5)	BA.5.2.47
22B (BA.5)	BA.5.2.48
22B (BA.5)	BA.5.2.49
22B (BA.5)	BA.5.2.5
22B (BA.5)	BA.5.2.50
22B (BA.5)	BA.5.2.51
22B (BA.5)	BA.5.2.52
22B (BA.5)	BA.5.2.53
22B (BA.5)	BA.5.2.54
22B (BA.5)	BA.5.2.55
22B (BA.5)	BA.5.2.56
22B (BA.5)	BA.5.2.57
22B (BA.5)	BA.5.2.58
22B (BA.5)	BA.5.2.59
22B (BA.5)	BA.5.2.6
22B (BA.5)	BA.5.2.60
22B (BA.5)	BA.5.2.61
22B (BA.5)	BA.5.2.62
22B (BA.5)	BA.5.2.63
22B (BA.5)	BA.5.2.7
22B (BA.5)	BA.5.2.8
22B (BA.5)	BA.5.2.9
22B (BA.5)	BA.5.2_quad_22599T
22B (BA.5)	BA.5.3
22B (BA.5)	BA.5.3.1
22B (BA.5)	BA.5.3.2
22B (BA.5)	BA.5.3.3
22B (BA.5)	BA.5.3.4
22B (BA.5)	BA.5.3.5
22B (BA.5)	BA.5.5
22B (BA.5)	BA.5.5.1
22B (BA.5)	BA.5.5.2
22B (BA.5)	BA.5.5.3
22B (BA.5)	BA.5.6
22B (BA.5)	BA.5.6.1
22B (BA.5)	BA.5.6.2
22B (BA.5)	BA.5.6.3
22B (BA.5)	BA.5.6.4
22B (BA.5)	BA.5.7
22B (BA.5)	BA.5.8
22B (BA.5)	BA.5.9
22B (BA.5)	BE.1
22B (BA.5)	BE.10
22B (BA.5)	BE.1.1
22B (BA.5)	BE.11
22B (BA.5)	BE.1.1.1
22B (BA.5)	BE.1.1.2
22B (BA.5)	BE.1.2
22B (BA.5)	BE.12
22B (BA.5)	BE.1.2.1
22B (BA.5)	BE.1.3
22B (BA.5)	BE.13
22B (BA.5)	BE.1.4
22B (BA.5)	BE.1.4.1
22B (BA.5)	BE.1.4.2
22B (BA.5)	BE.1.4.3
22B (BA.5)	BE.1.4.4
22B (BA.5)	BE.2
22B (BA.5)	BE.3
22B (BA.5)	BE.4
22B (BA.5)	BE.4.1
22B (BA.5)	BE.4.1.1
22B (BA.5)	BE.4.2
22B (BA.5)	BE.5
22B (BA.5)	BE.6
22B (BA.5)	BE.7
22B (BA.5)	BE.8
22B (BA.5)	BE.9
22B (BA.5)	BE.9_alt
22B (BA.5)	BF.1
22B (BA.5)	BF.10
22B (BA.5)	BF.10.1
22B (BA.5)	BF.1.1
22B (BA.5)	BF.11
22B (BA.5)	BF.11.1
22B (BA.5)	BF.11.2
22B (BA.5)	BF.11.3
22B (BA.5)	BF.11.4
22B (BA.5)	BF.11.5
22B (BA.5)	BF.12
22B (BA.5)	BF.13
22B (BA.5)	BF.14
22B (BA.5)	BF.15
22B (BA.5)	BF.16
22B (BA.5)	BF.17
22B (BA.5)	BF.18
22B (BA.5)	BF.19
22B (BA.5)	BF.2
22B (BA.5)	BF.20
22B (BA.5)	BF.21
22B (BA.5)	BF.22
22B (BA.5)	BF.23
22B (BA.5)	BF.24
22B (BA.5)	BF.24_alt
22B (BA.5)	BF.25
22B (BA.5)	BF.26
22B (BA.5)	BF.27
22B (BA.5)	BF.28
22B (BA.5)	BF.29
22B (BA.5)	BF.3
22B (BA.5)	BF.30
22B (BA.5)	BF.3.1
22B (BA.5)	BF.31
22B (BA.5)	BF.31.1
22B (BA.5)	BF.32
22B (BA.5)	BF.34
22B (BA.5)	BF.35
22B (BA.5)	BF.36
22B (BA.5)	BF.38
22B (BA.5)	BF.38.3
22B (BA.5)	BF.39
22B (BA.5)	BF.39.1
22B (BA.5)	BF.4
22B (BA.5)	BF.40
22B (BA.5)	BF.41
22B (BA.5)	BF.41.1
22B (BA.5)	BF.5
22B (BA.5)	BF.5.1
22B (BA.5)	BF.5.2
22B (BA.5)	BF.5.4
22B (BA.5)	BF.5.5
22B (BA.5)	BF.6
22B (BA.5)	BF.7
22B (BA.5)	BF.7.1
22B (BA.5)	BF.7.10
22B (BA.5)	BF.7.11
22B (BA.5)	BF.7.12
22B (BA.5)	BF.7.13
22B (BA.5)	BF.7.13.1
22B (BA.5)	BF.7.13.2
22B (BA.5)	BF.7.14
22B (BA.5)	BF.7.14.1
22B (BA.5)	BF.7.14.2
22B (BA.5)	BF.7.14.3
22B (BA.5)	BF.7.14.4
22B (BA.5)	BF.7.14.5
22B (BA.5)	BF.7.14.6
22B (BA.5)	BF.7.14.7
22B (BA.5)	BF.7.15
22B (BA.5)	BF.7.16
22B (BA.5)	BF.7.17
22B (BA.5)	BF.7.18
22B (BA.5)	BF.7.19
22B (BA.5)	BF.7.19.1
22B (BA.5)	BF.7.2
22B (BA.5)	BF.7.20
22B (BA.5)	BF.7.21
22B (BA.5)	BF.7.22
22B (BA.5)	BF.7.23
22B (BA.5)	BF.7.24
22B (BA.5)	BF.7.26
22B (BA.5)	BF.7.27
22B (BA.5)	BF.7.3
22B (BA.5)	BF.7.4
22B (BA.5)	BF.7.4.1
22B (BA.5)	BF.7.4.2
22B (BA.5)	BF.7.4.3
22B (BA.5)	BF.7.5
22B (BA.5)	BF.7.5.1
22B (BA.5)	BF.7.6
22B (BA.5)	BF.7.7
22B (BA.5)	BF.7.8
22B (BA.5)	BF.7.9
22B (BA.5)	BF.8
22B (BA.5)	BF.9
22B (BA.5)	BK.1
22B (BA.5)	BQ.2
22B (BA.5)	BT.1
22B (BA.5)	BT.2
22B (BA.5)	BU.1
22B (BA.5)	BU.2
22B (BA.5)	BU.3
22B (BA.5)	BV.1
22B (BA.5)	BV.2
22B (BA.5)	BW.1
22B (BA.5)	BW.1.1
22B (BA.5)	BW.1.1.1
22B (BA.5)	BW.1.1.2
22B (BA.5)	BW.1.2
22B (BA.5)	BZ.1
22B (BA.5)	BZ.2
22B (BA.5)	CC.1
22B (BA.5)	CD.1
22B (BA.5)	CD.2
22B (BA.5)	CE.1
22B (BA.5)	CF.1
22B (BA.5)	CG.1
22B (BA.5)	CK.1
22B (BA.5)	CK.1.1.2
22B (BA.5)	CK.1.2
22B (BA.5)	CK.1.3
22B (BA.5)	CK.1.4
22B (BA.5)	CK.1.5
22B (BA.5)	CK.2
22B (BA.5)	CK.2.1
22B (BA.5)	CK.2.1.1
22B (BA.5)	CK.3
22B (BA.5)	CL.1
22B (BA.5)	CL.1.1
22B (BA.5)	CL.1.2
22B (BA.5)	CL.1.3
22B (BA.5)	CN.1
22B (BA.5)	CN.2
22B (BA.5)	CP.1
22B (BA.5)	CP.1.1
22B (BA.5)	CP.1.2
22B (BA.5)	CP.1.3
22B (BA.5)	CP.2
22B (BA.5)	CP.3
22B (BA.5)	CP.4
22B (BA.5)	CP.5
22B (BA.5)	CP.6
22B (BA.5)	CP.7
22B (BA.5)	CP.8
22B (BA.5)	CQ.1
22B (BA.5)	CQ.1.1
22B (BA.5)	CQ.2
22B (BA.5)	CR.1
22B (BA.5)	CR.1.1
22B (BA.5)	CR.1.3
22B (BA.5)	CR.2
22B (BA.5)	CT.1
22B (BA.5)	CU.1
22B (BA.5)	CY.1
22B (BA.5)	CY.2
22B (BA.5)	DA.1
22B (BA.5)	DB.1
22B (BA.5)	DB.2
22B (BA.5)	DE.1
22B (BA.5)	DE.2
22B (BA.5)	DF.1
22B (BA.5)	DF.1.1
22B (BA.5)	DG.1
22B (BA.5)	DH.1
22B (BA.5)	DJ.1
22B (BA.5)	DJ.1.1
22B (BA.5)	DJ.1.1.1
22B (BA.5)	DJ.1.2
22B (BA.5)	DJ.1.3
22B (BA.5)	DL.1
22B (BA.5)	DQ.1
22B (BA.5)	DW.1
22B (BA.5)	DY.1
22B (BA.5)	DY.1.1
22B (BA.5)	DY.2
22B (BA.5)	DY.3
22B (BA.5)	DY.4
22B (BA.5)	DZ.1
22B (BA.5)	DZ.2
22B (BA.5)	EB.1
22B (BA.5)	EQ.1
22B (BA.5)	miscBA.5BA.2.75
22B (BA.5)	XAN
22B (BA.5)	XAV
22B (BA.5)	XAZ
22B (BA.5)	XBE
22B (BA.5)	XBG
22B (BA.5)	XBM
22B (BA.5)	XBT
22B (BA.5)	XCB
22C (BA.2.12.1)	BA.2.12.1
22C (BA.2.12.1)	BG.1
22C (BA.2.12.1)	BG.2
22C (BA.2.12.1)	BG.3
22C (BA.2.12.1)	BG.4
22C (BA.2.12.1)	BG.5
22C (BA.2.12.1)	BG.6
22D (BA.2.75)	BA.2.75
22D (BA.2.75)	BA.2.75.1
22D (BA.2.75)	BA.2.75.10
22D (BA.2.75)	BA.2.75.2
22D (BA.2.75)	BA.2.75.2_no5192
22D (BA.2.75)	BA.2.75.3
22D (BA.2.75)	BA.2.75.4
22D (BA.2.75)	BA.2.75.5
22D (BA.2.75)	BA.2.75.6
22D (BA.2.75)	BA.2.75.7
22D (BA.2.75)	BA.2.75.8
22D (BA.2.75)	BA.2.75.9
22D (BA.2.75)	BL.1
22D (BA.2.75)	BL.1.1
22D (BA.2.75)	BL.1.2
22D (BA.2.75)	BL.1.3
22D (BA.2.75)	BL.1.4
22D (BA.2.75)	BL.1.5
22D (BA.2.75)	BL.2
22D (BA.2.75)	BL.3
22D (BA.2.75)	BL.4
22D (BA.2.75)	BL.5
22D (BA.2.75)	BL.6
22D (BA.2.75)	BM.1
22D (BA.2.75)	BM.1.1
22D (BA.2.75)	BM.1.1.1
22D (BA.2.75)	BM.1.1.2
22D (BA.2.75)	BM.1.1.3
22D (BA.2.75)	BM.1.1.4
22D (BA.2.75)	BM.1.1.5
22D (BA.2.75)	BM.2
22D (BA.2.75)	BM.2.1
22D (BA.2.75)	BM.2.3
22D (BA.2.75)	BM.3
22D (BA.2.75)	BM.4
22D (BA.2.75)	BM.4.1
22D (BA.2.75)	BM.4.1.1
22D (BA.2.75)	BM.5
22D (BA.2.75)	BM.6
22D (BA.2.75)	BN.1
22D (BA.2.75)	BN.1.1
22D (BA.2.75)	BN.1.10
22D (BA.2.75)	BN.1.1.1
22D (BA.2.75)	BN.1.11
22D (BA.2.75)	BN.1.2
22D (BA.2.75)	BN.1.2.1
22D (BA.2.75)	BN.1.2.2
22D (BA.2.75)	BN.1.2.3
22D (BA.2.75)	BN.1.2.4
22D (BA.2.75)	BN.1.2.5
22D (BA.2.75)	BN.1.2.6
22D (BA.2.75)	BN.1.2.7
22D (BA.2.75)	BN.1.2.8
22D (BA.2.75)	BN.1.3
22D (BA.2.75)	BN.1.3.1
22D (BA.2.75)	BN.1.3.10
22D (BA.2.75)	BN.1.3.11
22D (BA.2.75)	BN.1.3.12
22D (BA.2.75)	BN.1.3.13
22D (BA.2.75)	BN.1.3.2
22D (BA.2.75)	BN.1.3.3
22D (BA.2.75)	BN.1.3.4
22D (BA.2.75)	BN.1.3.5
22D (BA.2.75)	BN.1.3.6
22D (BA.2.75)	BN.1.3.7
22D (BA.2.75)	BN.1.3.8
22D (BA.2.75)	BN.1.3.9
22D (BA.2.75)	BN.1.4
22D (BA.2.75)	BN.1.4.1
22D (BA.2.75)	BN.1.4.2
22D (BA.2.75)	BN.1.4.3
22D (BA.2.75)	BN.1.4.4
22D (BA.2.75)	BN.1.4.5
22D (BA.2.75)	BN.1.5
22D (BA.2.75)	BN.1.5.1
22D (BA.2.75)	BN.1.5.2
22D (BA.2.75)	BN.1.6
22D (BA.2.75)	BN.1.7
22D (BA.2.75)	BN.1.8
22D (BA.2.75)	BN.1.9
22D (BA.2.75)	BN.2
22D (BA.2.75)	BN.2.1
22D (BA.2.75)	BN.3
22D (BA.2.75)	BN.3.1
22D (BA.2.75)	BN.4
22D (BA.2.75)	BN.5
22D (BA.2.75)	BN.6
22D (BA.2.75)	BR.1
22D (BA.2.75)	BR.1.2
22D (BA.2.75)	BR.2
22D (BA.2.75)	BR.2.1
22D (BA.2.75)	BR.3
22D (BA.2.75)	BR.4
22D (BA.2.75)	BR.5
22D (BA.2.75)	BR.5.1
22D (BA.2.75)	BY.1
22D (BA.2.75)	BY.1.1
22D (BA.2.75)	BY.1.1.1
22D (BA.2.75)	BY.1.2
22D (BA.2.75)	BY.1.2.1
22D (BA.2.75)	CA.1
22D (BA.2.75)	CA.2
22D (BA.2.75)	CA.3
22D (BA.2.75)	CA.3.1
22D (BA.2.75)	CA.5
22D (BA.2.75)	CA.6
22D (BA.2.75)	CA.7
22D (BA.2.75)	CB.1
22D (BA.2.75)	CH.1
22D (BA.2.75)	CH.2
22D (BA.2.75)	CH.3
22D (BA.2.75)	CH.3.1
22D (BA.2.75)	CJ.1
22D (BA.2.75)	CJ.1.1
22D (BA.2.75)	CJ.1.2
22D (BA.2.75)	CJ.1.3
22D (BA.2.75)	CJ.1.3.1
22D (BA.2.75)	CJ.1.3.2
22D (BA.2.75)	CV.1
22D (BA.2.75)	CV.2
22D (BA.2.75)	DS.1
22D (BA.2.75)	DS.2
22D (BA.2.75)	DS.3
22D (BA.2.75)	EJ.1
22D (BA.2.75)	EJ.2
22D (BA.2.75)	EP.1
22D (BA.2.75)	EP.1.1
22D (BA.2.75)	EP.1.1.1
22D (BA.2.75)	EP.2
22D (BA.2.75)	FR.1
22D (BA.2.75)	FR.1.1
22D (BA.2.75)	FR.1.2
22D (BA.2.75)	FR.1.3
22D (BA.2.75)	FR.1.4
22D (BA.2.75)	FR.1.5
22D (BA.2.75)	FR.2
22D (BA.2.75)	miscBA.5.2CJ.1
22D (BA.2.75)	XBD
22D (BA.2.75)	XBF
22D (BA.2.75)	XBF.1
22D (BA.2.75)	XBF.10
22D (BA.2.75)	XBF.1.1
22D (BA.2.75)	XBF.2
22D (BA.2.75)	XBF.3
22D (BA.2.75)	XBF.4
22D (BA.2.75)	XBF.5
22D (BA.2.75)	XBF.6
22D (BA.2.75)	XBF.7
22D (BA.2.75)	XBF.7.1
22D (BA.2.75)	XBF.8
22D (BA.2.75)	XBF.8.1
22D (BA.2.75)	XBF.9
22D (BA.2.75)	XBH
22D (BA.2.75)	XBK
22D (BA.2.75)	XBK.1
22D (BA.2.75)	XBP
22D (BA.2.75)	XBQ
22D (BA.2.75)	XBR
22D (BA.2.75)	XBS
22D (BA.2.75)	XBU
22D (BA.2.75)	XCA
22D (BA.2.75)	XCN
22D (BA.2.75)	XDH
22E (BQ.1)	BQ.1
22E (BQ.1)	BQ.1.1
22E (BQ.1)	BQ.1.10
22E (BQ.1)	BQ.1.10.1
22E (BQ.1)	BQ.1.10.2
22E (BQ.1)	BQ.1.10.3
22E (BQ.1)	BQ.1.1.1
22E (BQ.1)	BQ.1.11
22E (BQ.1)	BQ.1.1.10
22E (BQ.1)	BQ.1.1.11
22E (BQ.1)	BQ.1.11.1
22E (BQ.1)	BQ.1.1.12
22E (BQ.1)	BQ.1.1.13
22E (BQ.1)	BQ.1.1.14
22E (BQ.1)	BQ.1.1.15
22E (BQ.1)	BQ.1.1.16
22E (BQ.1)	BQ.1.1.17
22E (BQ.1)	BQ.1.1.18
22E (BQ.1)	BQ.1.1.19
22E (BQ.1)	BQ.1.1.2
22E (BQ.1)	BQ.1.12
22E (BQ.1)	BQ.1.1.20
22E (BQ.1)	BQ.1.1.21
22E (BQ.1)	BQ.1.1.22
22E (BQ.1)	BQ.1.1.23
22E (BQ.1)	BQ.1.1.24
22E (BQ.1)	BQ.1.1.25
22E (BQ.1)	BQ.1.1.26
22E (BQ.1)	BQ.1.1.27
22E (BQ.1)	BQ.1.1.28
22E (BQ.1)	BQ.1.1.29
22E (BQ.1)	BQ.1.1.3
22E (BQ.1)	BQ.1.13
22E (BQ.1)	BQ.1.1.30
22E (BQ.1)	BQ.1.1.31
22E (BQ.1)	BQ.1.13.1
22E (BQ.1)	BQ.1.1.32
22E (BQ.1)	BQ.1.1.34
22E (BQ.1)	BQ.1.1.35
22E (BQ.1)	BQ.1.1.36
22E (BQ.1)	BQ.1.1.37
22E (BQ.1)	BQ.1.1.38
22E (BQ.1)	BQ.1.1.39
22E (BQ.1)	BQ.1.1.4
22E (BQ.1)	BQ.1.14
22E (BQ.1)	BQ.1.1.40
22E (BQ.1)	BQ.1.1.41
22E (BQ.1)	BQ.1.1.42
22E (BQ.1)	BQ.1.1.43
22E (BQ.1)	BQ.1.1.44
22E (BQ.1)	BQ.1.1.45
22E (BQ.1)	BQ.1.1.46
22E (BQ.1)	BQ.1.1.46_25406
22E (BQ.1)	BQ.1.1.47
22E (BQ.1)	BQ.1.1.48
22E (BQ.1)	BQ.1.1.49
22E (BQ.1)	BQ.1.1.5
22E (BQ.1)	BQ.1.15
22E (BQ.1)	BQ.1.1.50
22E (BQ.1)	BQ.1.1.51
22E (BQ.1)	BQ.1.15.1
22E (BQ.1)	BQ.1.1.52
22E (BQ.1)	BQ.1.15.2
22E (BQ.1)	BQ.1.1.53
22E (BQ.1)	BQ.1.1.54
22E (BQ.1)	BQ.1.1.55
22E (BQ.1)	BQ.1.1.56
22E (BQ.1)	BQ.1.1.57
22E (BQ.1)	BQ.1.1.58
22E (BQ.1)	BQ.1.1.59
22E (BQ.1)	BQ.1.1.6
22E (BQ.1)	BQ.1.16
22E (BQ.1)	BQ.1.1.60
22E (BQ.1)	BQ.1.1.61
22E (BQ.1)	BQ.1.1.62
22E (BQ.1)	BQ.1.1.63
22E (BQ.1)	BQ.1.1.64
22E (BQ.1)	BQ.1.1.65
22E (BQ.1)	BQ.1.1.66
22E (BQ.1)	BQ.1.1.67
22E (BQ.1)	BQ.1.1.68
22E (BQ.1)	BQ.1.1.69
22E (BQ.1)	BQ.1.1.7
22E (BQ.1)	BQ.1.17
22E (BQ.1)	BQ.1.1.70
22E (BQ.1)	BQ.1_17039
22E (BQ.1)	BQ.1.1.71
22E (BQ.1)	BQ.1.1.72
22E (BQ.1)	BQ.1.1.73
22E (BQ.1)	BQ.1.1.74
22E (BQ.1)	BQ.1.1.76
22E (BQ.1)	BQ.1.1.77
22E (BQ.1)	BQ.1.1.78
22E (BQ.1)	BQ.1.1.79
22E (BQ.1)	BQ.1.1.8
22E (BQ.1)	BQ.1.18
22E (BQ.1)	BQ.1.1.9
22E (BQ.1)	BQ.1.19
22E (BQ.1)	BQ.1.2
22E (BQ.1)	BQ.1.20
22E (BQ.1)	BQ.1.2.1
22E (BQ.1)	BQ.1.21
22E (BQ.1)	BQ.1.2.2
22E (BQ.1)	BQ.1.22
22E (BQ.1)	BQ.1.2.3
22E (BQ.1)	BQ.1.23
22E (BQ.1)	BQ.1.24
22E (BQ.1)	BQ.1.25
22E (BQ.1)	BQ.1.25.1
22E (BQ.1)	BQ.1.26
22E (BQ.1)	BQ.1.26.1
22E (BQ.1)	BQ.1.26.2
22E (BQ.1)	BQ.1.27
22E (BQ.1)	BQ.1.28
22E (BQ.1)	BQ.1.29
22E (BQ.1)	BQ.1.3
22E (BQ.1)	BQ.1.30
22E (BQ.1)	BQ.1.3.1
22E (BQ.1)	BQ.1.31
22E (BQ.1)	BQ.1.3.2
22E (BQ.1)	BQ.1.32
22E (BQ.1)	BQ.1.33
22E (BQ.1)	BQ.1.4
22E (BQ.1)	BQ.1.5
22E (BQ.1)	BQ.1.6
22E (BQ.1)	BQ.1.7
22E (BQ.1)	BQ.1.8
22E (BQ.1)	BQ.1.8.1
22E (BQ.1)	BQ.1.8.2
22E (BQ.1)	BQ.1.9
22E (BQ.1)	CW.1
22E (BQ.1)	CZ.1
22E (BQ.1)	CZ.2
22E (BQ.1)	DK.1
22E (BQ.1)	DM.1
22E (BQ.1)	DN.1
22E (BQ.1)	DN.1.1
22E (BQ.1)	DN.1.1.1
22E (BQ.1)	DN.1.1.2
22E (BQ.1)	DN.1.1.3
22E (BQ.1)	DN.1.1.4
22E (BQ.1)	DN.2
22E (BQ.1)	DN.3
22E (BQ.1)	DN.3.1
22E (BQ.1)	DP.1
22E (BQ.1)	DR.1
22E (BQ.1)	DR.2
22E (BQ.1)	DT.1
22E (BQ.1)	DT.2
22E (BQ.1)	DT.3
22E (BQ.1)	DU.1
22E (BQ.1)	EA.1
22E (BQ.1)	EA.2
22E (BQ.1)	EC.1
22E (BQ.1)	EC.1.1
22E (BQ.1)	ED.1
22E (BQ.1)	ED.2
22E (BQ.1)	ED.3
22E (BQ.1)	EE.1
22E (BQ.1)	EE.2
22E (BQ.1)	EE.3
22E (BQ.1)	EE.4
22E (BQ.1)	EE.5
22E (BQ.1)	EF.1
22E (BQ.1)	EF.1.1
22E (BQ.1)	EF.1.1.1
22E (BQ.1)	EF.1.2
22E (BQ.1)	EF.1.3
22E (BQ.1)	EF.2
22E (BQ.1)	EF.3
22E (BQ.1)	EH.1
22E (BQ.1)	EN.1
22E (BQ.1)	EN.1.1
22E (BQ.1)	ER.1
22E (BQ.1)	ER.1.1
22E (BQ.1)	ES.1
22E (BQ.1)	ET.1
22E (BQ.1)	EV.1
22E (BQ.1)	EW.1
22E (BQ.1)	EW.2
22E (BQ.1)	EW.3
22E (BQ.1)	EY.1
22E (BQ.1)	EZ.1
22E (BQ.1)	FA.1
22E (BQ.1)	FA.2
22E (BQ.1)	FB.1
22E (BQ.1)	FB.2
22E (BQ.1)	FC.1
22E (BQ.1)	FF.1
22E (BQ.1)	FM.1
22E (BQ.1)	FM.2
22E (BQ.1)	FN.1
22E (BQ.1)	FQ.1
22E (BQ.1)	JH.1
22E (BQ.1)	JH.2
22E (BQ.1)	XBZ
22F (XBB)	FE.1
22F (XBB)	FE.1.1
22F (XBB)	FE.1.1.1
22F (XBB)	FE.1.1.2
22F (XBB)	FE.1.1.3
22F (XBB)	FE.1.1.4
22F (XBB)	FE.1.1.5
22F (XBB)	FE.1.2
22F (XBB)	FP.1
22F (XBB)	FP.2
22F (XBB)	FP.2.1
22F (XBB)	FP.2.1.1
22F (XBB)	FP.3
22F (XBB)	FP.4
22F (XBB)	FW.1
22F (XBB)	FW.1.1
22F (XBB)	FW.1.1.1
22F (XBB)	FW.2
22F (XBB)	FW.3
22F (XBB)	FY.1
22F (XBB)	FY.1.1
22F (XBB)	FY.1.2
22F (XBB)	FY.1.2.1
22F (XBB)	FY.1.2.2
22F (XBB)	FY.1.2.3
22F (XBB)	FY.1.4
22F (XBB)	FY.1.4.1
22F (XBB)	FY.2
22F (XBB)	FY.2.1
22F (XBB)	FY.3
22F (XBB)	FY.3.1
22F (XBB)	FY.3.2
22F (XBB)	FY.3.3
22F (XBB)	FY.4
22F (XBB)	FY.4.1
22F (XBB)	FY.4.1.1
22F (XBB)	FY.4.1.2
22F (XBB)	FY.4.2
22F (XBB)	FY.5
22F (XBB)	FY.5.1
22F (XBB)	FY.5.1.1
22F (XBB)	FY.5.2
22F (XBB)	FY.5.3
22F (XBB)	FY.5.4
22F (XBB)	FY.5.5
22F (XBB)	FY.5.5.1
22F (XBB)	FY.6
22F (XBB)	FY.6.1
22F (XBB)	FY.6_2935
22F (XBB)	FY.7
22F (XBB)	FY.8
22F (XBB)	FY.8.1
22F (XBB)	FY.8.1.1
22F (XBB)	FY.9
22F (XBB)	GA.1
22F (XBB)	GA.10
22F (XBB)	GA.10.1
22F (XBB)	GA.2
22F (XBB)	GA.2.1.1
22F (XBB)	GA.3
22F (XBB)	GA.4
22F (XBB)	GA.4.1
22F (XBB)	GA.4.1.1
22F (XBB)	GA.4.1.2
22F (XBB)	GA.4.1.3
22F (XBB)	GA.4.2
22F (XBB)	GA.5
22F (XBB)	GA.6
22F (XBB)	GA.6.1
22F (XBB)	GA.7
22F (XBB)	GA.7.1
22F (XBB)	GA.7.2
22F (XBB)	GA.8
22F (XBB)	GA.8.1
22F (XBB)	GA.9
22F (XBB)	GF.1
22F (XBB)	GH.1
22F (XBB)	GW.1
22F (XBB)	GW.1.1
22F (XBB)	GW.2
22F (XBB)	GW.3
22F (XBB)	GW.4
22F (XBB)	GW.5
22F (XBB)	GW.5.1
22F (XBB)	GW.5.1.1
22F (XBB)	GW.5.2
22F (XBB)	GW.5.3
22F (XBB)	GW.5.3.1
22F (XBB)	HB.1
22F (XBB)	HE.1
22F (XBB)	HE.2
22F (XBB)	HU.1
22F (XBB)	HU.1.1
22F (XBB)	HU.2
22F (XBB)	JC.1
22F (XBB)	JC.2
22F (XBB)	JC.3
22F (XBB)	JC.4
22F (XBB)	JC.5
22F (XBB)	JC.5.1
22F (XBB)	JC.6
22F (XBB)	JW.1
22F (XBB)	JW.1.1
22F (XBB)	KE.1
22F (XBB)	KE.2
22F (XBB)	KE.3
22F (XBB)	XBB
22F (XBB)	XBB.1
22F (XBB)	XBB.1.1
22F (XBB)	XBB.1.10
22F (XBB)	XBB.1.11
22F (XBB)	XBB.1.11.1
22F (XBB)	XBB.1.12
22F (XBB)	XBB.1.12.1
22F (XBB)	XBB.1.13
22F (XBB)	XBB.1.13.1
22F (XBB)	XBB.1.14
22F (XBB)	XBB.1.14.1
22F (XBB)	XBB.1.15
22F (XBB)	XBB.1.15.1
22F (XBB)	XBB.1.17
22F (XBB)	XBB.1.17.1
22F (XBB)	XBB.1.18
22F (XBB)	XBB.1.18.1
22F (XBB)	XBB.1.19
22F (XBB)	XBB.1.19.1
22F (XBB)	XBB.1.19.2
22F (XBB)	XBB.1.20
22F (XBB)	XBB.1.21
22F (XBB)	XBB.1.22
22F (XBB)	XBB.1.22.1
22F (XBB)	XBB.1.22.2
22F (XBB)	XBB.1.22.3
22F (XBB)	XBB.1.23
22F (XBB)	XBB.1.24
22F (XBB)	XBB.1.24.1
22F (XBB)	XBB.1.24.3
22F (XBB)	XBB.1.25
22F (XBB)	XBB.1.27
22F (XBB)	XBB.1.28
22F (XBB)	XBB.1.28.1
22F (XBB)	XBB.1.29
22F (XBB)	XBB.1.3
22F (XBB)	XBB.1.30
22F (XBB)	XBB.1.31
22F (XBB)	XBB.1.31.2
22F (XBB)	XBB.1.32
22F (XBB)	XBB.1.33
22F (XBB)	XBB.1.34
22F (XBB)	XBB.1.34.1
22F (XBB)	XBB.1.34.2
22F (XBB)	XBB.1.35
22F (XBB)	XBB.1.36
22F (XBB)	XBB.1.37
22F (XBB)	XBB.1.37.1
22F (XBB)	XBB.1.38
22F (XBB)	XBB.1.38.1
22F (XBB)	XBB.1.39
22F (XBB)	XBB.1.4
22F (XBB)	XBB.1.40
22F (XBB)	XBB.1.4.1
22F (XBB)	XBB.1.41
22F (XBB)	XBB.1.41.1
22F (XBB)	XBB.1.41.2
22F (XBB)	XBB.1.41.3
22F (XBB)	XBB.1.4.2
22F (XBB)	XBB.1.43
22F (XBB)	XBB.1.43.1
22F (XBB)	XBB.1.44
22F (XBB)	XBB.1.44.1
22F (XBB)	XBB.1.45
22F (XBB)	XBB.1.45.1
22F (XBB)	XBB.1.46
22F (XBB)	XBB.1.47
22F (XBB)	XBB.1.47.1
22F (XBB)	XBB.1.48
22F (XBB)	XBB.1.5
22F (XBB)	XBB.1.5.110
22F (XBB)	XBB.1.5.22
22F (XBB)	XBB.1.5.23
22F (XBB)	XBB.1.5.24
22F (XBB)	XBB.1.5.43
22F (XBB)	XBB.1.5.45
22F (XBB)	XBB.1.5.57
22F (XBB)	XBB.1.5.58
22F (XBB)	XBB.1.5.87
22F (XBB)	XBB.1.6
22F (XBB)	XBB.1.7
22F (XBB)	XBB.1.8
22F (XBB)	XBB.2
22F (XBB)	XBB.2.1
22F (XBB)	XBB.2.10
22F (XBB)	XBB.2.11
22F (XBB)	XBB.2.11.1
22F (XBB)	XBB.2.12
22F (XBB)	XBB.2.2
22F (XBB)	XBB.2.4
22F (XBB)	XBB.2.5
22F (XBB)	XBB.2.6
22F (XBB)	XBB.2.6.1
22F (XBB)	XBB.2.6.2
22F (XBB)	XBB.2.6.3
22F (XBB)	XBB.2.7
22F (XBB)	XBB.2.7.1
22F (XBB)	XBB.2.8
22F (XBB)	XBB.2.9
22F (XBB)	XBB.3
22F (XBB)	XBB.3.1
22F (XBB)	XBB.3.2
22F (XBB)	XBB.3.3
22F (XBB)	XBB.3.4
22F (XBB)	XBB.3.5
22F (XBB)	XBB.4
22F (XBB)	XBB.4.1
22F (XBB)	XBB.5
22F (XBB)	XBB.6
22F (XBB)	XBB.6.1
22F (XBB)	XBB.7
22F (XBB)	XBB.8
22F (XBB)	XBB.8.1
22F (XBB)	XBB.8.2
22F (XBB)	XBB.9
22F (XBB)	XBL
22F (XBB)	XBL.1
22F (XBB)	XBL.2
22F (XBB)	XBL.3
22F (XBB)	XBL.3.1
22F (XBB)	XBN
22F (XBB)	XBV
22F (XBB)	XCC
22F (XBB)	XCE
22F (XBB)	XCG
22F (XBB)	XCM
22F (XBB)	XDE
23A (XBB.1.5)	EK.1
23A (XBB.1.5)	EK.2
23A (XBB.1.5)	EK.2.1
23A (XBB.1.5)	EK.3
23A (XBB.1.5)	EK.4
23A (XBB.1.5)	EL.1
23A (XBB.1.5)	EM.1
23A (XBB.1.5)	EU.1
23A (XBB.1.5)	EU.1.1
23A (XBB.1.5)	EU.1.1.1
23A (XBB.1.5)	EU.1.1.2
23A (XBB.1.5)	EU.1.1.3
23A (XBB.1.5)	FD.1
23A (XBB.1.5)	FD.1.1
23A (XBB.1.5)	FD.2
23A (XBB.1.5)	FD.3
23A (XBB.1.5)	FD.4
23A (XBB.1.5)	FD.4.1
23A (XBB.1.5)	FD.5
23A (XBB.1.5)	FD.5.1
23A (XBB.1.5)	FG.1
23A (XBB.1.5)	FG.2
23A (XBB.1.5)	FG.3
23A (XBB.1.5)	FH.1
23A (XBB.1.5)	FT.1
23A (XBB.1.5)	FT.2
23A (XBB.1.5)	FT.3
23A (XBB.1.5)	FT.3.1
23A (XBB.1.5)	FT.3.1.1
23A (XBB.1.5)	FT.4
23A (XBB.1.5)	FZ.1
23A (XBB.1.5)	FZ.1.1
23A (XBB.1.5)	FZ.2
23A (XBB.1.5)	GB.1
23A (XBB.1.5)	GB.2
23A (XBB.1.5)	GC.1
23A (XBB.1.5)	GC.2
23A (XBB.1.5)	GG.1
23A (XBB.1.5)	GN.1
23A (XBB.1.5)	GN.1.1
23A (XBB.1.5)	GN.1.2
23A (XBB.1.5)	GN.1.3
23A (XBB.1.5)	GN.1.4
23A (XBB.1.5)	GN.2
23A (XBB.1.5)	GN.3
23A (XBB.1.5)	GN.4
23A (XBB.1.5)	GN.5
23A (XBB.1.5)	GR.1
23A (XBB.1.5)	GU.1
23A (XBB.1.5)	GV.1
23A (XBB.1.5)	HA.1
23A (XBB.1.5)	HA.2
23A (XBB.1.5)	HC.1
23A (XBB.1.5)	HC.2
23A (XBB.1.5)	HC.3
23A (XBB.1.5)	HC.4
23A (XBB.1.5)	HD.1
23A (XBB.1.5)	HD.1.1
23A (XBB.1.5)	HJ.1
23A (XBB.1.5)	HP.1
23A (XBB.1.5)	HP.1.1
23A (XBB.1.5)	HQ.1
23A (XBB.1.5)	HR.1
23A (XBB.1.5)	HR.1.1
23A (XBB.1.5)	HS.1
23A (XBB.1.5)	HS.1.1
23A (XBB.1.5)	HT.1
23A (XBB.1.5)	HT.2
23A (XBB.1.5)	HY.1
23A (XBB.1.5)	HZ.1
23A (XBB.1.5)	HZ.2
23A (XBB.1.5)	HZ.3
23A (XBB.1.5)	JB.1
23A (XBB.1.5)	JB.1.1
23A (XBB.1.5)	JB.2
23A (XBB.1.5)	JB.2.1
23A (XBB.1.5)	JD.1
23A (XBB.1.5)	JD.1.1
23A (XBB.1.5)	JD.1.1.1
23A (XBB.1.5)	JD.1.1.2
23A (XBB.1.5)	JD.1.1.3
23A (XBB.1.5)	JD.1.1.4
23A (XBB.1.5)	JD.1.1.5
23A (XBB.1.5)	JD.1.1.6
23A (XBB.1.5)	JD.1.1.7
23A (XBB.1.5)	JD.1.1.8
23A (XBB.1.5)	JD.1.2
23A (XBB.1.5)	JD.1.2.1
23A (XBB.1.5)	JD.1.2.2
23A (XBB.1.5)	JD.2
23A (XBB.1.5)	JD.2.1
23A (XBB.1.5)	JK.1
23A (XBB.1.5)	JZ.1
23A (XBB.1.5)	KA.1
23A (XBB.1.5)	KK.1
23A (XBB.1.5)	KK.2
23A (XBB.1.5)	XBB.1.5.1
23A (XBB.1.5)	XBB.1.5.10
23A (XBB.1.5)	XBB.1.5.100
23A (XBB.1.5)	XBB.1.5.101
23A (XBB.1.5)	XBB.1.5.102
23A (XBB.1.5)	XBB.1.5.103
23A (XBB.1.5)	XBB.1.5.104
23A (XBB.1.5)	XBB.1.5.105
23A (XBB.1.5)	XBB.1.5.106
23A (XBB.1.5)	XBB.1.5.107
23A (XBB.1.5)	XBB.1.5.108
23A (XBB.1.5)	XBB.1.5.109
23A (XBB.1.5)	XBB.1.5.11
23A (XBB.1.5)	XBB.1.5.12
23A (XBB.1.5)	XBB.1.5.13
23A (XBB.1.5)	XBB.1.5.14
23A (XBB.1.5)	XBB.1.5.15
23A (XBB.1.5)	XBB.1.5.16
23A (XBB.1.5)	XBB.1.5.17
23A (XBB.1.5)	XBB.1.5_17124
23A (XBB.1.5)	XBB.1.5.18
23A (XBB.1.5)	XBB.1.5.19
23A (XBB.1.5)	XBB.1.5.2
23A (XBB.1.5)	XBB.1.5.20
23A (XBB.1.5)	XBB.1.5.21
23A (XBB.1.5)	XBB.1.5.25
23A (XBB.1.5)	XBB.1.5.26
23A (XBB.1.5)	XBB.1.5.27
23A (XBB.1.5)	XBB.1.5.28
23A (XBB.1.5)	XBB.1.5.29
23A (XBB.1.5)	XBB.1.5.3
23A (XBB.1.5)	XBB.1.5.30
23A (XBB.1.5)	XBB.1.5.31
23A (XBB.1.5)	XBB.1.5.32
23A (XBB.1.5)	XBB.1.5.33
23A (XBB.1.5)	XBB.1.5.34
23A (XBB.1.5)	XBB.1.5.35
23A (XBB.1.5)	XBB.1.5.36
23A (XBB.1.5)	XBB.1.5.37
23A (XBB.1.5)	XBB.1.5.38
23A (XBB.1.5)	XBB.1.5.39
23A (XBB.1.5)	XBB.1.5.4
23A (XBB.1.5)	XBB.1.5.40
23A (XBB.1.5)	XBB.1.5.41
23A (XBB.1.5)	XBB.1.5.42
23A (XBB.1.5)	XBB.1.5.44
23A (XBB.1.5)	XBB.1.5.46
23A (XBB.1.5)	XBB.1.5.47
23A (XBB.1.5)	XBB.1.5.48
23A (XBB.1.5)	XBB.1.5.49
23A (XBB.1.5)	XBB.1.5.5
23A (XBB.1.5)	XBB.1.5.50
23A (XBB.1.5)	XBB.1.5.51
23A (XBB.1.5)	XBB.1.5.52
23A (XBB.1.5)	XBB.1.5.53
23A (XBB.1.5)	XBB.1.5.54
23A (XBB.1.5)	XBB.1.5.55
23A (XBB.1.5)	XBB.1.5.56
23A (XBB.1.5)	XBB.1.5.59
23A (XBB.1.5)	XBB.1.5.6
23A (XBB.1.5)	XBB.1.5.60
23A (XBB.1.5)	XBB.1.5.61
23A (XBB.1.5)	XBB.1.5.62
23A (XBB.1.5)	XBB.1.5.63
23A (XBB.1.5)	XBB.1.5.64
23A (XBB.1.5)	XBB.1.5.65
23A (XBB.1.5)	XBB.1.5.66
23A (XBB.1.5)	XBB.1.5.67
23A (XBB.1.5)	XBB.1.5.68
23A (XBB.1.5)	XBB.1.5.69
23A (XBB.1.5)	XBB.1.5.7
23A (XBB.1.5)	XBB.1.5.71
23A (XBB.1.5)	XBB.1.5.72
23A (XBB.1.5)	XBB.1.5.73
23A (XBB.1.5)	XBB.1.5.74
23A (XBB.1.5)	XBB.1.5.75
23A (XBB.1.5)	XBB.1.5.76
23A (XBB.1.5)	XBB.1.5.77
23A (XBB.1.5)	XBB.1.5.78
23A (XBB.1.5)	XBB.1.5.79
23A (XBB.1.5)	XBB.1.5.8
23A (XBB.1.5)	XBB.1.5.80
23A (XBB.1.5)	XBB.1.5.81
23A (XBB.1.5)	XBB.1.5.83
23A (XBB.1.5)	XBB.1.5.84
23A (XBB.1.5)	XBB.1.5.85
23A (XBB.1.5)	XBB.1.5.86
23A (XBB.1.5)	XBB.1.5.88
23A (XBB.1.5)	XBB.1.5.89
23A (XBB.1.5)	XBB.1.5.9
23A (XBB.1.5)	XBB.1.5.90
23A (XBB.1.5)	XBB.1.5.91
23A (XBB.1.5)	XBB.1.5.92
23A (XBB.1.5)	XBB.1.5.92_823
23A (XBB.1.5)	XBB.1.5.93
23A (XBB.1.5)	XBB.1.5.94
23A (XBB.1.5)	XBB.1.5.95
23A (XBB.1.5)	XBB.1.5.96
23A (XBB.1.5)	XBB.1.5.97
23A (XBB.1.5)	XBB.1.5.98
23A (XBB.1.5)	XBB.1.5.99
23A (XBB.1.5)	XBW
23A (XBB.1.5)	XCF
23A (XBB.1.5)	XCF.1
23A (XBB.1.5)	XCF.3
23A (XBB.1.5)	XCK
23A (XBB.1.5)	XCL
23A (XBB.1.5)	XCP
23B (XBB.1.16)	FU.1
23B (XBB.1.16)	FU.1.1
23B (XBB.1.16)	FU.1.1.1
23B (XBB.1.16)	FU.2
23B (XBB.1.16)	FU.2.1
23B (XBB.1.16)	FU.3
23B (XBB.1.16)	FU.3.1
23B (XBB.1.16)	FU.4
23B (XBB.1.16)	FU.5
23B (XBB.1.16)	GY.1
23B (XBB.1.16)	GY.1.1
23B (XBB.1.16)	GY.2.1
23B (XBB.1.16)	GY.3
23B (XBB.1.16)	GY.4
23B (XBB.1.16)	GY.5
23B (XBB.1.16)	GY.6
23B (XBB.1.16)	GY.7
23B (XBB.1.16)	GY.8
23B (XBB.1.16)	GY.9
23B (XBB.1.16)	HF.1
23B (XBB.1.16)	HF.1.1
23B (XBB.1.16)	HF.1.2
23B (XBB.1.16)	JF.1
23B (XBB.1.16)	JF.1.1
23B (XBB.1.16)	JF.1.1.2
23B (XBB.1.16)	JF.2
23B (XBB.1.16)	JF.3
23B (XBB.1.16)	JF.4
23B (XBB.1.16)	JM.1
23B (XBB.1.16)	JM.2
23B (XBB.1.16)	KJ.1
23B (XBB.1.16)	XBB.1.16
23B (XBB.1.16)	XBB.1.16.1
23B (XBB.1.16)	XBB.1.16.10
23B (XBB.1.16)	XBB.1.16.11
23B (XBB.1.16)	XBB.1.16.12
23B (XBB.1.16)	XBB.1.16.13
23B (XBB.1.16)	XBB.1.16.14
23B (XBB.1.16)	XBB.1.16.15
23B (XBB.1.16)	XBB.1.16.16
23B (XBB.1.16)	XBB.1.16.17
23B (XBB.1.16)	XBB.1.16.18
23B (XBB.1.16)	XBB.1.16.19
23B (XBB.1.16)	XBB.1.16.2
23B (XBB.1.16)	XBB.1.16.20
23B (XBB.1.16)	XBB.1.16.21
23B (XBB.1.16)	XBB.1.16.22
23B (XBB.1.16)	XBB.1.16.23
23B (XBB.1.16)	XBB.1.16.24
23B (XBB.1.16)	XBB.1.16.25
23B (XBB.1.16)	XBB.1.16.26
23B (XBB.1.16)	XBB.1.16.27
23B (XBB.1.16)	XBB.1.16.28
23B (XBB.1.16)	XBB.1.16.29
23B (XBB.1.16)	XBB.1.16.3
23B (XBB.1.16)	XBB.1.16.30
23B (XBB.1.16)	XBB.1.16.31
23B (XBB.1.16)	XBB.1.16.32
23B (XBB.1.16)	XBB.1.16.4
23B (XBB.1.16)	XBB.1.16.5
23B (XBB.1.16)	XBB.1.16.6
23B (XBB.1.16)	XBB.1.16.7
23B (XBB.1.16)	XBB.1.16.8
23B (XBB.1.16)	XBB.1.16.9
23B (XBB.1.16)	XDA
23B (XBB.1.16)	XDA.1
23B (XBB.1.16)	XDB
23B (XBB.1.16)	XDJ
23B (XBB.1.16)	XDM
23C (CH.1.1)	CH.1.1
23C (CH.1.1)	CH.1.1.1
23C (CH.1.1)	CH.1.1.10
23C (CH.1.1)	CH.1.1.11
23C (CH.1.1)	CH.1.1.12
23C (CH.1.1)	CH.1.1.13
23C (CH.1.1)	CH.1.1.14
23C (CH.1.1)	CH.1.1.15
23C (CH.1.1)	CH.1.1.16
23C (CH.1.1)	CH.1.1.17
23C (CH.1.1)	CH.1.1.18
23C (CH.1.1)	CH.1.1.19
23C (CH.1.1)	CH.1.1.2
23C (CH.1.1)	CH.1.1.20
23C (CH.1.1)	CH.1.1.21
23C (CH.1.1)	CH.1.1.22
23C (CH.1.1)	CH.1.1.23
23C (CH.1.1)	CH.1.1.24
23C (CH.1.1)	CH.1.1.25
23C (CH.1.1)	CH.1.1.26
23C (CH.1.1)	CH.1.1.27
23C (CH.1.1)	CH.1.1.28
23C (CH.1.1)	CH.1.1.29
23C (CH.1.1)	CH.1.1.3
23C (CH.1.1)	CH.1.1.30
23C (CH.1.1)	CH.1.1.32
23C (CH.1.1)	CH.1.1.4
23C (CH.1.1)	CH.1.1.5
23C (CH.1.1)	CH.1.1.6
23C (CH.1.1)	CH.1.1.7
23C (CH.1.1)	CH.1.1.8
23C (CH.1.1)	CH.1.1.9
23C (CH.1.1)	DV.1
23C (CH.1.1)	DV.1.1
23C (CH.1.1)	DV.2
23C (CH.1.1)	DV.3
23C (CH.1.1)	DV.3.1
23C (CH.1.1)	DV.4
23C (CH.1.1)	DV.5
23C (CH.1.1)	DV.6
23C (CH.1.1)	DV.6.1
23C (CH.1.1)	DV.6.2
23C (CH.1.1)	DV.7
23C (CH.1.1)	DV.7.1
23C (CH.1.1)	DV.7.1.1
23C (CH.1.1)	DV.7.1.2
23C (CH.1.1)	DV.7.1.3
23C (CH.1.1)	DV.7.1.4
23C (CH.1.1)	DV.7.1.5
23C (CH.1.1)	DV.7.1.6
23C (CH.1.1)	DV.7.1.7
23C (CH.1.1)	DV.7.2
23C (CH.1.1)	DV.8
23C (CH.1.1)	FJ.1
23C (CH.1.1)	FK.1
23C (CH.1.1)	FK.1.1
23C (CH.1.1)	FK.1.1.2
23C (CH.1.1)	FK.1.2
23C (CH.1.1)	FK.1.2.1
23C (CH.1.1)	FK.1.2.2
23C (CH.1.1)	FK.1.3
23C (CH.1.1)	FK.1.3.2
23C (CH.1.1)	FK.1.4.1
23C (CH.1.1)	FK.1.5
23C (CH.1.1)	FS.1
23C (CH.1.1)	GP.1
23C (CH.1.1)	GP.2
23C (CH.1.1)	GP.3
23C (CH.1.1)	GQ.1
23C (CH.1.1)	JL.1
23C (CH.1.1)	JP.1.1
23C (CH.1.1)	JV.1
23C (CH.1.1)	JV.2
23C (CH.1.1)	KG.1
23C (CH.1.1)	KG.2
23D (XBB.1.9)	EG.1
23D (XBB.1.9)	EG.10
23D (XBB.1.9)	EG.10.1
23D (XBB.1.9)	EG.10.1.1
23D (XBB.1.9)	EG.1.1
23D (XBB.1.9)	EG.11
23D (XBB.1.9)	EG.1.2
23D (XBB.1.9)	EG.12
23D (XBB.1.9)	EG.1.3
23D (XBB.1.9)	EG.13
23D (XBB.1.9)	EG.1.4
23D (XBB.1.9)	EG.14
23D (XBB.1.9)	EG.1.4.1
23D (XBB.1.9)	EG.1.5
23D (XBB.1.9)	EG.1.6
23D (XBB.1.9)	EG.1.7
23D (XBB.1.9)	EG.1.8
23D (XBB.1.9)	EG.2
23D (XBB.1.9)	EG.2.2
23D (XBB.1.9)	EG.2.4
23D (XBB.1.9)	EG.2.5
23D (XBB.1.9)	EG.3
23D (XBB.1.9)	EG.4
23D (XBB.1.9)	EG.4.1
23D (XBB.1.9)	EG.4.2
23D (XBB.1.9)	EG.4.3
23D (XBB.1.9)	EG.4.4
23D (XBB.1.9)	EG.4.5
23D (XBB.1.9)	EG.5
23D (XBB.1.9)	EG.5.2
23D (XBB.1.9)	EG.5.2.1
23D (XBB.1.9)	EG.5.2.2
23D (XBB.1.9)	EG.5.2.3
23D (XBB.1.9)	EG.5.2.4
23D (XBB.1.9)	EG.6
23D (XBB.1.9)	EG.6.1
23D (XBB.1.9)	EG.6.1.1
23D (XBB.1.9)	EG.6.1.2
23D (XBB.1.9)	EG.7
23D (XBB.1.9)	EG.8
23D (XBB.1.9)	EG.9
23D (XBB.1.9)	EG.9.1
23D (XBB.1.9)	FL.1
23D (XBB.1.9)	FL.10
23D (XBB.1.9)	FL.10.1
23D (XBB.1.9)	FL.10.2
23D (XBB.1.9)	FL.10.3
23D (XBB.1.9)	FL.1.1
23D (XBB.1.9)	FL.11
23D (XBB.1.9)	FL.1.1.1
23D (XBB.1.9)	FL.1.2
23D (XBB.1.9)	FL.12
23D (XBB.1.9)	FL.1.3
23D (XBB.1.9)	FL.13
23D (XBB.1.9)	FL.13.1
23D (XBB.1.9)	FL.13.2
23D (XBB.1.9)	FL.13.2.1
23D (XBB.1.9)	FL.13.3
23D (XBB.1.9)	FL.13.3.1
23D (XBB.1.9)	FL.13.4
23D (XBB.1.9)	FL.13.4.1
23D (XBB.1.9)	FL.13.5
23D (XBB.1.9)	FL.1.4
23D (XBB.1.9)	FL.14
23D (XBB.1.9)	FL.1.5
23D (XBB.1.9)	FL.15
23D (XBB.1.9)	FL.1.5.1
23D (XBB.1.9)	FL.15.1
23D (XBB.1.9)	FL.15.1.1
23D (XBB.1.9)	FL.1.5.2
23D (XBB.1.9)	FL.15.2
23D (XBB.1.9)	FL.15.3
23D (XBB.1.9)	FL.15.4
23D (XBB.1.9)	FL.1.6
23D (XBB.1.9)	FL.16
23D (XBB.1.9)	FL.17
23D (XBB.1.9)	FL.17.1
23D (XBB.1.9)	FL.17.2
23D (XBB.1.9)	FL.1.8
23D (XBB.1.9)	FL.18
23D (XBB.1.9)	FL.18.1
23D (XBB.1.9)	FL.18.1.1
23D (XBB.1.9)	FL.19
23D (XBB.1.9)	FL.19.1
23D (XBB.1.9)	FL.2
23D (XBB.1.9)	FL.20
23D (XBB.1.9)	FL.20.1
23D (XBB.1.9)	FL.20.2
23D (XBB.1.9)	FL.2.1
23D (XBB.1.9)	FL.21
23D (XBB.1.9)	FL.21.1
23D (XBB.1.9)	FL.21.2
23D (XBB.1.9)	FL.2.2
23D (XBB.1.9)	FL.22
23D (XBB.1.9)	FL.2.2.1
23D (XBB.1.9)	FL.2.3
23D (XBB.1.9)	FL.23
23D (XBB.1.9)	FL.2.3.1
23D (XBB.1.9)	FL.23.1
23D (XBB.1.9)	FL.23.2.1
23D (XBB.1.9)	FL.2.4
23D (XBB.1.9)	FL.24
23D (XBB.1.9)	FL.24.1
23D (XBB.1.9)	FL.2.5
23D (XBB.1.9)	FL.25
23D (XBB.1.9)	FL.2.6
23D (XBB.1.9)	FL.26
23D (XBB.1.9)	FL.26.1
23D (XBB.1.9)	FL.2.7
23D (XBB.1.9)	FL.27
23D (XBB.1.9)	FL.2.7.1
23D (XBB.1.9)	FL.28
23D (XBB.1.9)	FL.29
23D (XBB.1.9)	FL.3
23D (XBB.1.9)	FL.30.1
23D (XBB.1.9)	FL.3.1
23D (XBB.1.9)	FL.31
23D (XBB.1.9)	FL.31.1
23D (XBB.1.9)	FL.3.2
23D (XBB.1.9)	FL.32
23D (XBB.1.9)	FL.32.1
23D (XBB.1.9)	FL.3.3
23D (XBB.1.9)	FL.33
23D (XBB.1.9)	FL.33.1
23D (XBB.1.9)	FL.3.4
23D (XBB.1.9)	FL.34
23D (XBB.1.9)	FL.35
23D (XBB.1.9)	FL.35.1
23D (XBB.1.9)	FL.36
23D (XBB.1.9)	FL.37
23D (XBB.1.9)	FL.38
23D (XBB.1.9)	FL.39
23D (XBB.1.9)	FL.39.1
23D (XBB.1.9)	FL.4
23D (XBB.1.9)	FL.40
23D (XBB.1.9)	FL.4.1
23D (XBB.1.9)	FL.4.10
23D (XBB.1.9)	FL.4.1.1
23D (XBB.1.9)	FL.4.11
23D (XBB.1.9)	FL.4.2
23D (XBB.1.9)	FL.4.3
23D (XBB.1.9)	FL.4.4
23D (XBB.1.9)	FL.4.5
23D (XBB.1.9)	FL.4.6
23D (XBB.1.9)	FL.4.7
23D (XBB.1.9)	FL.4.8
23D (XBB.1.9)	FL.4.9
23D (XBB.1.9)	FL.5
23D (XBB.1.9)	FL.5.1
23D (XBB.1.9)	FL.6
23D (XBB.1.9)	FL.7
23D (XBB.1.9)	FL.8
23D (XBB.1.9)	FL.9
23D (XBB.1.9)	GD.1
23D (XBB.1.9)	GD.2
23D (XBB.1.9)	HL.1
23D (XBB.1.9)	HL.2
23D (XBB.1.9)	HN.1
23D (XBB.1.9)	HN.2
23D (XBB.1.9)	HN.2.1
23D (XBB.1.9)	HN.3
23D (XBB.1.9)	HN.3.1
23D (XBB.1.9)	HN.4
23D (XBB.1.9)	HN.4.1
23D (XBB.1.9)	HN.4.1.1
23D (XBB.1.9)	HN.4.2
23D (XBB.1.9)	HN.5
23D (XBB.1.9)	HN.6
23D (XBB.1.9)	HN.7
23D (XBB.1.9)	HN.8
23D (XBB.1.9)	KC.1
23D (XBB.1.9)	KC.1.1
23D (XBB.1.9)	KF.1
23D (XBB.1.9)	KF.2
23D (XBB.1.9)	XBB.1.42
23D (XBB.1.9)	XBB.1.42.1
23D (XBB.1.9)	XBB.1.42.2
23D (XBB.1.9)	XBB.1.9
23D (XBB.1.9)	XBB.1.9.1
23D (XBB.1.9)	XBB.1.9.2
23D (XBB.1.9)	XBB.1.9.3
23D (XBB.1.9)	XBB.1.9.4
23D (XBB.1.9)	XBB.1.9.5
23D (XBB.1.9)	XBB.1.9.6
23D (XBB.1.9)	XBB.1.9.7
23D (XBB.1.9)	XCY
23D (XBB.1.9)	XCZ
23D (XBB.1.9)	XDG
23E (XBB.2.3)	GE.1
23E (XBB.2.3)	GE.1.1
23E (XBB.2.3)	GE.1.2
23E (XBB.2.3)	GE.1.2.1
23E (XBB.2.3)	GE.1.3
23E (XBB.2.3)	GE.1.4
23E (XBB.2.3)	GE.1.5
23E (XBB.2.3)	GE.1.6
23E (XBB.2.3)	GJ.1
23E (XBB.2.3)	GJ.1.1
23E (XBB.2.3)	GJ.1.2
23E (XBB.2.3)	GJ.1.2.1
23E (XBB.2.3)	GJ.1.2.2
23E (XBB.2.3)	GJ.1.2.3
23E (XBB.2.3)	GJ.1.2.4
23E (XBB.2.3)	GJ.1.2.5
23E (XBB.2.3)	GJ.1.2.6
23E (XBB.2.3)	GJ.1.2.7
23E (XBB.2.3)	GJ.1.2.8
23E (XBB.2.3)	GJ.2
23E (XBB.2.3)	GJ.3
23E (XBB.2.3)	GJ.4
23E (XBB.2.3)	GJ.5
23E (XBB.2.3)	GJ.5.1
23E (XBB.2.3)	GJ.6
23E (XBB.2.3)	GM.1
23E (XBB.2.3)	GM.2
23E (XBB.2.3)	GM.3
23E (XBB.2.3)	GM.3.1
23E (XBB.2.3)	GS.1
23E (XBB.2.3)	GS.2
23E (XBB.2.3)	GS.3
23E (XBB.2.3)	GS.4
23E (XBB.2.3)	GS.4.1
23E (XBB.2.3)	GS.4.1.1
23E (XBB.2.3)	GS.5
23E (XBB.2.3)	GS.6
23E (XBB.2.3)	GS.7
23E (XBB.2.3)	GS.7.1
23E (XBB.2.3)	GS.8
23E (XBB.2.3)	GZ.1
23E (XBB.2.3)	HG.1
23E (XBB.2.3)	HG.1.1
23E (XBB.2.3)	HG.2
23E (XBB.2.3)	HG.3
23E (XBB.2.3)	HH.1
23E (XBB.2.3)	HH.1.1
23E (XBB.2.3)	HH.2
23E (XBB.2.3)	HH.2.1
23E (XBB.2.3)	HH.3
23E (XBB.2.3)	HH.4
23E (XBB.2.3)	HH.5
23E (XBB.2.3)	HH.6
23E (XBB.2.3)	HH.7
23E (XBB.2.3)	HH.8
23E (XBB.2.3)	HH.8.1
23E (XBB.2.3)	JA.1
23E (XBB.2.3)	JE.1
23E (XBB.2.3)	JE.1.1
23E (XBB.2.3)	JE.1.1.1
23E (XBB.2.3)	JS.1
23E (XBB.2.3)	JS.2
23E (XBB.2.3)	JU.1
23E (XBB.2.3)	JY.1
23E (XBB.2.3)	JY.1.1
23E (XBB.2.3)	KH.1
23E (XBB.2.3)	XBB.2.3
23E (XBB.2.3)	XBB.2.3.1
23E (XBB.2.3)	XBB.2.3.10
23E (XBB.2.3)	XBB.2.3.11
23E (XBB.2.3)	XBB.2.3.12
23E (XBB.2.3)	XBB.2.3.13
23E (XBB.2.3)	XBB.2.3.14
23E (XBB.2.3)	XBB.2.3.15
23E (XBB.2.3)	XBB.2.3.16
23E (XBB.2.3)	XBB.2.3.17
23E (XBB.2.3)	XBB.2.3.18
23E (XBB.2.3)	XBB.2.3.19
23E (XBB.2.3)	XBB.2.3.2
23E (XBB.2.3)	XBB.2.3.20
23E (XBB.2.3)	XBB.2.3.21
23E (XBB.2.3)	XBB.2.3.22
23E (XBB.2.3)	XBB.2.3.3
23E (XBB.2.3)	XBB.2.3.4
23E (XBB.2.3)	XBB.2.3.5
23E (XBB.2.3)	XBB.2.3.6
23E (XBB.2.3)	XBB.2.3.7
23E (XBB.2.3)	XBB.2.3.8
23E (XBB.2.3)	XBB.2.3.9
23E (XBB.2.3)	XCJ
23E (XBB.2.3)	XCQ
23E (XBB.2.3)	XCW
23F (EG.5.1)	EG.5.1
23F (EG.5.1)	EG.5.1.1
23F (EG.5.1)	EG.5.1.10
23F (EG.5.1)	EG.5.1.11
23F (EG.5.1)	EG.5.1.12
23F (EG.5.1)	EG.5.1.13
23F (EG.5.1)	EG.5.1.14
23F (EG.5.1)	EG.5.1.15
23F (EG.5.1)	EG.5.1.16
23F (EG.5.1)	EG.5.1.17
23F (EG.5.1)	EG.5.1.18
23F (EG.5.1)	EG.5.1.19
23F (EG.5.1)	EG.5.1.2
23F (EG.5.1)	EG.5.1.3
23F (EG.5.1)	EG.5.1.4
23F (EG.5.1)	EG.5.1.5
23F (EG.5.1)	EG.5.1.6
23F (EG.5.1)	EG.5.1.7
23F (EG.5.1)	EG.5.1.8
23F (EG.5.1)	EG.5.1.9
23F (EG.5.1)	HK.1
23F (EG.5.1)	HK.11
23F (EG.5.1)	HK.11.1
23F (EG.5.1)	HK.1.2
23F (EG.5.1)	HK.12
23F (EG.5.1)	HK.13
23F (EG.5.1)	HK.13.1
23F (EG.5.1)	HK.13.2
23F (EG.5.1)	HK.14
23F (EG.5.1)	HK.15
23F (EG.5.1)	HK.16
23F (EG.5.1)	HK.17
23F (EG.5.1)	HK.18
23F (EG.5.1)	HK.19
23F (EG.5.1)	HK.2
23F (EG.5.1)	HK.20
23F (EG.5.1)	HK.20.1
23F (EG.5.1)	HK.2.1
23F (EG.5.1)	HK.21
23F (EG.5.1)	HK.22
23F (EG.5.1)	HK.23
23F (EG.5.1)	HK.23.1
23F (EG.5.1)	HK.23.1.1
23F (EG.5.1)	HK.24
23F (EG.5.1)	HK.24.1
23F (EG.5.1)	HK.25
23F (EG.5.1)	HK.27
23F (EG.5.1)	HK.27.1
23F (EG.5.1)	HK.27.1.1
23F (EG.5.1)	HK.28
23F (EG.5.1)	HK.29
23F (EG.5.1)	HK.30
23F (EG.5.1)	HK.30_27507T
23F (EG.5.1)	HK.31
23F (EG.5.1)	HK.32
23F (EG.5.1)	HK.33
23F (EG.5.1)	HK.34
23F (EG.5.1)	HK.34.1
23F (EG.5.1)	HK.4
23F (EG.5.1)	HK.5
23F (EG.5.1)	HK.6
23F (EG.5.1)	HK.7
23F (EG.5.1)	HK.8
23F (EG.5.1)	HK.8.1
23F (EG.5.1)	HK.9
23F (EG.5.1)	HV.1
23F (EG.5.1)	HV.1.1
23F (EG.5.1)	HV.1.10
23F (EG.5.1)	HV.1.11
23F (EG.5.1)	HV.1.2
23F (EG.5.1)	HV.1.3
23F (EG.5.1)	HV.1.4
23F (EG.5.1)	HV.1.5
23F (EG.5.1)	HV.1.6
23F (EG.5.1)	HV.1.6.1
23F (EG.5.1)	HV.1.7
23F (EG.5.1)	HV.1.8
23F (EG.5.1)	HV.1.9
23F (EG.5.1)	HV.2
23F (EG.5.1)	JG.1
23F (EG.5.1)	JG.2
23F (EG.5.1)	JG.3
23F (EG.5.1)	JG.3.1
23F (EG.5.1)	JG.3.2
23F (EG.5.1)	JG.3.3
23F (EG.5.1)	JG.3.4
23F (EG.5.1)	JG.4
23F (EG.5.1)	JJ.1
23F (EG.5.1)	JR.1.1
23F (EG.5.1)	JR.1.1.1
23F (EG.5.1)	KB.1
23F (EG.5.1)	KB.2
23F (EG.5.1)	KB.3
23F (EG.5.1)	KB.4
23F (EG.5.1)	KL.1
23F (EG.5.1)	KL.1.1
23F (EG.5.1)	XCV
23F (EG.5.1)	XDC
23F (EG.5.1)	XDF
23F (EG.5.1)	XDL
23G (XBB.1.5.70)	GK.1
23G (XBB.1.5.70)	GK.10
23G (XBB.1.5.70)	GK.1.1
23G (XBB.1.5.70)	GK.11
23G (XBB.1.5.70)	GK.1.10
23G (XBB.1.5.70)	GK.1.1.1
23G (XBB.1.5.70)	GK.1.11
23G (XBB.1.5.70)	GK.1.11.1
23G (XBB.1.5.70)	GK.1.2
23G (XBB.1.5.70)	GK.12
23G (XBB.1.5.70)	GK.1.2.1
23G (XBB.1.5.70)	GK.1.3
23G (XBB.1.5.70)	GK.1.4
23G (XBB.1.5.70)	GK.1.5
23G (XBB.1.5.70)	GK.1.6
23G (XBB.1.5.70)	GK.1.6.1
23G (XBB.1.5.70)	GK.1.7
23G (XBB.1.5.70)	GK.1.8
23G (XBB.1.5.70)	GK.1.8.1
23G (XBB.1.5.70)	GK.1.9
23G (XBB.1.5.70)	GK.2
23G (XBB.1.5.70)	GK.2.1
23G (XBB.1.5.70)	GK.2.1.1
23G (XBB.1.5.70)	GK.2.2
23G (XBB.1.5.70)	GK.2.3
23G (XBB.1.5.70)	GK.2.4
23G (XBB.1.5.70)	GK.3
23G (XBB.1.5.70)	GK.3.1
23G (XBB.1.5.70)	GK.3.2
23G (XBB.1.5.70)	GK.4
23G (XBB.1.5.70)	GK.5.1
23G (XBB.1.5.70)	GK.6
23G (XBB.1.5.70)	GK.7
23G (XBB.1.5.70)	GK.8
23G (XBB.1.5.70)	GK.8.1
23G (XBB.1.5.70)	XBB.1.5.70
23G (XBB.1.5.70)	XCH
23G (XBB.1.5.70)	XCH.1
23G (XBB.1.5.70)	XCR
23G (XBB.1.5.70)	XCS
23H (HK.3)	HK.26
23H (HK.3)	HK.26.1
23H (HK.3)	HK.3
23H (HK.3)	HK.3.1
23H (HK.3)	HK.3.10
23H (HK.3)	HK.3.11
23H (HK.3)	HK.3.12
23H (HK.3)	HK.3.13
23H (HK.3)	HK.3.14
23H (HK.3)	HK.3.2
23H (HK.3)	HK.3.2.1
23H (HK.3)	HK.3.2.2
23H (HK.3)	HK.3.3
23H (HK.3)	HK.3.4
23H (HK.3)	HK.3.5
23H (HK.3)	HK.3.6
23H (HK.3)	HK.3.7
23H (HK.3)	HK.3.8
23H (HK.3)	HK.3.9
23I (BA.2.86)	BA.2.86
23I (BA.2.86)	BA.2.86.1
23I (BA.2.86)	BA.2.86.2
23I (BA.2.86)	BA.2.86.3
23I (BA.2.86)	BA.2.86.4
23I (BA.2.86)	BA.2.86.5
23I (BA.2.86)	BA.2.86_dropout
23I (BA.2.86)	JN.1
23I (BA.2.86)	JN.10
23I (BA.2.86)	JN.1.1
23I (BA.2.86)	JN.11
23I (BA.2.86)	JN.1.10
23I (BA.2.86)	JN.1.1.1
23I (BA.2.86)	JN.1.11
23I (BA.2.86)	JN.1.11.1
23I (BA.2.86)	JN.1.1.2
23I (BA.2.86)	JN.1.12
23I (BA.2.86)	JN.1.1.3
23I (BA.2.86)	JN.1.2
23I (BA.2.86)	JN.12
23I (BA.2.86)	JN.1.3
23I (BA.2.86)	JN.1.4
23I (BA.2.86)	JN.1.5
23I (BA.2.86)	JN.1.6
23I (BA.2.86)	JN.1.6.1
23I (BA.2.86)	JN.1.7
23I (BA.2.86)	JN.1.8
23I (BA.2.86)	JN.1.8.1
23I (BA.2.86)	JN.1.9
23I (BA.2.86)	JN.2
23I (BA.2.86)	JN.2.1
23I (BA.2.86)	JN.2.2
23I (BA.2.86)	JN.2.3
23I (BA.2.86)	JN.2.4
23I (BA.2.86)	JN.2.5
23I (BA.2.86)	JN.3
23I (BA.2.86)	JN.3.1
23I (BA.2.86)	JN.3.2
23I (BA.2.86)	JN.3.2.1
23I (BA.2.86)	JN.4
23I (BA.2.86)	JN.5
23I (BA.2.86)	JN.5.1
23I (BA.2.86)	JN.6
23I (BA.2.86)	JN.7
23I (BA.2.86)	JN.8
23I (BA.2.86)	JN.9
23I (BA.2.86)	JQ.1
23I (BA.2.86)	XDD
23I (BA.2.86)	XDD.1
23I (BA.2.86)	XDD.1.1
23I (BA.2.86)	XDD.2
23I (BA.2.86)	XDK
23I (BA.2.86)	XDN
23I (BA.2.86)	XDP
